,stock,Date,Hour,compound
0,AAPL,20211213,0,0.8779
1,TSLA,20211213,0,0.8779
2,MSFT,20211213,0,0.8779
3,AAPL,20211213,0,0.296
4,MSFT,20211213,0,0.296
5,MSFT,20211213,0,0.5106
6,MDLZ,20211213,0,0.0
7,EBAY,20211213,0,-0.4215
8,KHC,20211213,0,0.0
9,TSLA,20211213,0,-0.2263
10,NFLX,20211213,0,0.4404
11,PYPL,20211213,0,-0.5423
12,TSLA,20211213,0,-0.2263
13,TSLA,20211213,0,-0.3885
14,TSLA,20211213,0,-0.2263
15,TSLA,20211213,0,0.0
16,AAPL,20211213,0,0.0
17,MSFT,20211213,0,0.0
18,NVDA,20211213,0,0.0
19,TSLA,20211213,0,0.296
20,MSFT,20211213,0,0.0
21,AAPL,20211213,0,0.0
22,NVDA,20211213,0,0.0
23,TSLA,20211213,0,0.0
24,NVDA,20211213,0,0.0
25,AAPL,20211213,0,0.0
26,TSLA,20211213,0,-0.2263
27,NVDA,20211213,0,0.0
28,NVDA,20211213,0,0.0
29,TSLA,20211213,0,0.7125
30,SBUX,20211213,0,0.0
31,MSFT,20211213,0,0.0
32,TSLA,20211213,0,0.34
33,AAPL,20211213,0,0.0
34,MU,20211213,0,0.5574
35,MSFT,20211213,0,0.0
36,AAPL,20211213,0,0.0
37,FB,20211213,0,0.0
38,PYPL,20211213,0,0.0
39,NFLX,20211213,0,0.0
40,TSLA,20211213,0,0.296
41,SBUX,20211213,0,0.4215
42,TSLA,20211213,0,0.2023
43,MSFT,20211213,0,0.0
44,AAPL,20211213,0,0.0
45,NVDA,20211213,0,0.0
46,TSLA,20211213,0,0.0
47,NVDA,20211213,0,0.7227
48,NVDA,20211213,0,0.0
49,MSFT,20211213,0,0.0
50,MU,20211213,0,0.8271
51,TSLA,20211213,0,0.3612
52,ADBE,20211213,0,0.0
53,SBUX,20211213,0,0.0
54,JD,20211213,0,0.0
55,TSLA,20211213,0,-0.2263
56,TSLA,20211213,0,0.0
57,TSLA,20211213,0,-0.2263
58,TSLA,20211213,0,0.0
59,TSLA,20211213,0,0.0
60,MSFT,20211213,0,0.0
61,MSFT,20211213,0,0.0
62,ADBE,20211213,0,0.0
63,MSFT,20211213,0,0.0
64,TSLA,20211213,0,0.296
65,AAPL,20211213,0,0.0
66,NVDA,20211213,0,0.0
67,FB,20211213,0,0.0
68,AAPL,20211213,0,-0.8225
69,AAPL,20211213,0,0.0
70,SBUX,20211213,0,-0.128
71,PYPL,20211213,0,-0.128
72,AAPL,20211213,0,0.0
73,TSLA,20211213,0,-0.0258
74,TSLA,20211213,0,0.8122
75,TSLA,20211213,0,0.3612
76,AAPL,20211213,0,-0.4019
77,TSLA,20211213,0,-0.2263
78,EBAY,20211213,0,0.4019
79,NVDA,20211213,0,0.0
80,TSLA,20211213,1,0.8779
81,AAPL,20211213,1,0.8779
82,ADBE,20211213,1,0.0
83,MSFT,20211213,1,0.25
84,REGN,20211213,1,0.5574
85,REGN,20211213,1,0.5574
86,TSLA,20211213,1,0.296
87,ADBE,20211213,1,0.0
88,CSCO,20211213,1,0.2023
89,TSLA,20211213,1,-0.2263
90,TSLA,20211213,1,0.0
91,QCOM,20211213,1,0.0
92,MU,20211213,1,0.0
93,TSLA,20211213,1,0.0
94,TSLA,20211213,1,0.0
95,ADBE,20211213,1,0.0
96,AAPL,20211213,1,0.5319
97,TSLA,20211213,1,0.5319
98,TSLA,20211213,1,0.0
99,AAPL,20211213,1,0.6786
100,COST,20211213,1,0.4753
101,REGN,20211213,1,0.4019
102,AAPL,20211213,1,0.0
103,TSLA,20211213,1,0.3612
104,AAPL,20211213,1,0.4404
105,NVDA,20211213,1,0.4404
106,REGN,20211213,1,0.5574
107,PAYX,20211213,1,0.296
108,AAPL,20211213,1,0.4559
109,TSLA,20211213,1,0.4559
110,AAPL,20211213,1,0.0
111,TSLA,20211213,1,0.3818
112,TSLA,20211213,1,0.2755
113,AAPL,20211213,1,0.4404
114,NVDA,20211213,1,0.6786
115,TSLA,20211213,1,0.3612
116,ADBE,20211213,1,0.0772
117,TSLA,20211213,1,0.0772
118,MSFT,20211213,1,0.5859
119,MU,20211213,1,0.5859
120,REGN,20211213,1,0.296
121,TSLA,20211213,1,0.0
122,REGN,20211213,1,0.5574
123,MSFT,20211213,1,0.0
124,AAPL,20211213,1,0.0
125,NVDA,20211213,1,0.0
126,TSLA,20211213,1,0.0
127,REGN,20211213,1,0.4019
128,AAPL,20211213,1,0.0
129,TSLA,20211213,1,0.0
130,MSFT,20211213,1,0.0
131,TSLA,20211213,1,0.1779
132,MSFT,20211213,1,0.25
133,MSFT,20211213,1,0.6786
134,MSFT,20211213,1,-0.6114
135,PAYX,20211213,1,0.296
136,PAYX,20211213,1,0.296
137,REGN,20211213,1,0.296
138,TSLA,20211213,1,0.3818
139,MSFT,20211213,1,0.25
140,AAPL,20211213,1,-0.8225
141,AAPL,20211213,1,0.0
142,AAL,20211213,1,0.6786
143,AAPL,20211213,1,-0.8225
144,CMCSA,20211213,1,0.6786
145,AAPL,20211213,1,0.0
146,NVDA,20211213,1,0.0
147,NFLX,20211213,1,0.0
148,TSLA,20211213,1,0.5994
149,MU,20211213,1,0.0
150,NVDA,20211213,1,-0.3612
151,NVDA,20211213,1,-0.3612
152,NVDA,20211213,1,-0.3612
153,INCY,20211213,1,0.4215
154,AVGO,20211213,2,0.8779
155,TSLA,20211213,2,0.8779
156,AAPL,20211213,2,0.8779
157,MU,20211213,2,0.0
158,TSCO,20211213,2,0.296
159,TSCO,20211213,2,0.296
160,TSCO,20211213,2,0.296
161,COST,20211213,2,0.644
162,AAPL,20211213,2,0.0
163,MSFT,20211213,2,0.0
164,AAPL,20211213,2,0.0
165,AAPL,20211213,2,0.6369
166,TSLA,20211213,2,0.3612
167,AAPL,20211213,2,0.0772
168,AAPL,20211213,2,0.0
169,TSLA,20211213,2,0.0
170,MSFT,20211213,2,0.25
171,TSLA,20211213,2,0.296
172,QCOM,20211213,2,0.0
173,AAPL,20211213,2,0.0
174,MSFT,20211213,2,0.0
175,AAPL,20211213,2,0.0
176,AAPL,20211213,2,0.0
177,TSLA,20211213,2,0.0
178,MSFT,20211213,2,0.0
179,DLTR,20211213,2,-0.4215
180,TSLA,20211213,2,0.0
181,SBUX,20211213,2,0.0
182,TSLA,20211213,2,0.0
183,TSLA,20211213,2,-0.2732
184,AAPL,20211213,2,0.6633
185,AAPL,20211213,2,0.6633
186,MU,20211213,2,0.4404
187,TSLA,20211213,2,0.3612
188,TSLA,20211213,2,0.0
189,TSLA,20211213,2,-0.1531
190,TSLA,20211213,2,0.0
191,AAPL,20211213,2,0.4995
192,MSFT,20211213,2,0.25
193,TSLA,20211213,2,0.296
194,QCOM,20211213,2,0.4404
195,TXN,20211213,2,0.0
196,AAPL,20211213,2,0.0
197,TSLA,20211213,2,0.4019
198,TSLA,20211213,2,0.3612
199,AAPL,20211213,2,-0.0516
200,MSFT,20211213,2,-0.0516
201,QCOM,20211213,2,0.0
202,AAPL,20211213,2,0.0
203,MSFT,20211213,2,0.0
204,MU,20211213,2,0.0
205,AAPL,20211213,2,0.0
206,MU,20211213,2,0.296
207,QCOM,20211213,2,0.0
208,AAPL,20211213,2,0.6369
209,AAPL,20211213,2,-0.8225
210,TSLA,20211213,2,0.3818
211,TSLA,20211213,2,0.0
212,TSLA,20211213,2,0.34
213,AAPL,20211213,3,0.4576
214,NVDA,20211213,3,0.4576
215,TSLA,20211213,3,0.8779
216,AVGO,20211213,3,0.8779
217,TSLA,20211213,3,-0.1531
218,TSLA,20211213,3,0.3612
219,TSLA,20211213,3,0.0
220,TSLA,20211213,3,-0.2263
221,AAPL,20211213,3,0.5319
222,PYPL,20211213,3,0.5319
223,NFLX,20211213,3,-0.0943
224,CSCO,20211213,3,0.296
225,AAPL,20211213,3,0.296
226,STX,20211213,3,0.6557
227,TSLA,20211213,3,-0.3885
228,AAPL,20211213,3,0.0
229,AAPL,20211213,3,0.4019
230,AAPL,20211213,3,0.0
231,MSFT,20211213,3,0.1901
232,AAPL,20211213,3,0.1901
233,AAPL,20211213,3,0.4404
234,QCOM,20211213,3,0.0
235,AAPL,20211213,3,-0.6808
236,TSLA,20211213,3,0.6166
237,TSLA,20211213,3,0.2846
238,TSLA,20211213,3,0.0
239,TSLA,20211213,3,0.0
240,MSFT,20211213,3,0.25
241,STX,20211213,3,0.0
242,TSLA,20211213,3,-0.3885
243,TSLA,20211213,3,-0.2263
244,TSLA,20211213,3,0.7096
245,TSLA,20211213,3,0.0
246,AAPL,20211213,3,0.0757
247,AAPL,20211213,3,0.3612
248,FB,20211213,3,0.3612
249,TSLA,20211213,3,0.296
250,AAPL,20211213,3,0.0
251,TSLA,20211213,3,0.3612
252,NVDA,20211213,3,0.4738
253,STX,20211213,3,0.0
254,AAPL,20211213,3,-0.8225
255,BMRN,20211213,3,-0.2411
256,AAPL,20211213,3,0.0
257,CSCO,20211213,3,0.296
258,AAPL,20211213,3,0.296
259,AAPL,20211213,3,-0.6808
260,MSFT,20211213,3,0.0
261,AAPL,20211213,3,0.0
262,NVDA,20211213,3,0.0
263,TSLA,20211213,3,0.0
264,TSLA,20211213,3,0.3818
265,TSLA,20211213,3,0.3818
266,TSLA,20211213,3,0.296
267,LRCX,20211213,4,0.0
268,SRCL,20211213,4,0.296
269,TSLA,20211213,4,0.8779
270,AVGO,20211213,4,0.8779
271,TSLA,20211213,4,0.3566
272,AAPL,20211213,4,0.4404
273,TSLA,20211213,4,0.0
274,AAPL,20211213,4,0.0
275,TSLA,20211213,4,0.0
276,STX,20211213,4,0.0516
277,FB,20211213,4,0.0
278,AAPL,20211213,4,0.4019
279,MSFT,20211213,4,0.4019
280,TSLA,20211213,4,0.4019
281,TSLA,20211213,4,0.3724
282,TSLA,20211213,4,-0.2263
283,CSCO,20211213,4,-0.2732
284,TSLA,20211213,4,-0.2732
285,MU,20211213,4,0.4404
286,TSLA,20211213,4,0.0
287,AVGO,20211213,4,0.0
288,AAPL,20211213,4,-0.481
289,AAPL,20211213,4,0.0772
290,AAPL,20211213,4,0.0
291,AAPL,20211213,4,0.0
292,TSLA,20211213,4,-0.2732
293,AAPL,20211213,4,0.0
294,TSLA,20211213,4,0.0
295,AAPL,20211213,4,0.2263
296,AAPL,20211213,4,0.7003
297,NFLX,20211213,4,0.8316
298,AAPL,20211213,4,0.7906
299,AAPL,20211213,4,0.3802
300,MSFT,20211213,4,0.3802
301,AAPL,20211213,4,0.1027
302,AAPL,20211213,4,0.1027
303,TSLA,20211213,4,0.0258
304,AAPL,20211213,4,0.0
305,AVGO,20211213,4,0.296
306,AAPL,20211213,4,0.0
307,TSLA,20211213,4,0.0
308,AVGO,20211213,4,0.296
309,AAPL,20211213,4,-0.8225
310,MSFT,20211213,4,0.0
311,AAPL,20211213,4,0.0
312,NVDA,20211213,4,0.0
313,TSLA,20211213,4,0.0
314,AAPL,20211213,4,-0.2732
315,NCLH,20211213,4,0.4404
316,AAPL,20211213,4,-0.8225
317,AAPL,20211213,4,0.0
318,AAPL,20211213,4,0.0
319,NVDA,20211213,4,0.0
320,TSLA,20211213,4,0.6597
321,AAPL,20211213,4,0.8126
322,MSFT,20211213,5,0.0
323,TSLA,20211213,5,0.8779
324,AAPL,20211213,5,0.8779
325,MSFT,20211213,5,0.8779
326,NFLX,20211213,5,0.8779
327,FB,20211213,5,0.8779
328,AAPL,20211213,5,0.0
329,MNST,20211213,5,0.0
330,AAPL,20211213,5,-0.4374
331,AAPL,20211213,5,0.2023
332,TSLA,20211213,5,0.0
333,AAPL,20211213,5,0.6486
334,ADBE,20211213,5,0.0
335,AAPL,20211213,5,0.8126
336,AAPL,20211213,5,0.4215
337,AAPL,20211213,5,0.0
338,AAPL,20211213,5,0.0
339,TSLA,20211213,5,0.0
340,AAPL,20211213,5,0.0
341,TSLA,20211213,5,0.4404
342,NFLX,20211213,5,0.4404
343,AAPL,20211213,5,0.0
344,AAPL,20211213,5,0.0
345,NCLH,20211213,5,0.1779
346,TSLA,20211213,5,0.6166
347,AAPL,20211213,5,0.6166
348,AAPL,20211213,5,0.2023
349,TSLA,20211213,5,0.6166
350,AAPL,20211213,5,0.6166
351,NVDA,20211213,5,0.5859
352,MSFT,20211213,5,0.0
353,AAPL,20211213,5,0.0
354,NVDA,20211213,5,0.0
355,TSLA,20211213,5,0.0
356,AAPL,20211213,5,-0.4847
357,AAPL,20211213,5,0.3384
358,TSLA,20211213,5,0.0
359,TSLA,20211213,5,0.4939
360,TSLA,20211213,5,0.0
361,TSLA,20211213,5,-0.8475
362,FB,20211213,5,-0.8475
363,AAPL,20211213,5,-0.4728
364,MSFT,20211213,5,-0.4728
365,AAPL,20211213,5,0.0
366,TSLA,20211213,5,-0.2263
367,MSFT,20211213,5,0.0
368,TSLA,20211213,5,-0.6199
369,TSLA,20211213,5,-0.2263
370,AAPL,20211213,5,0.0
371,NFLX,20211213,5,0.0
372,ADBE,20211213,5,0.0
373,GOOG,20211213,5,0.6124
374,AAPL,20211213,5,-0.5574
375,TSLA,20211213,5,0.0
376,TSLA,20211213,5,0.8779
377,AAPL,20211213,5,0.8779
378,MSFT,20211213,5,0.8779
379,NFLX,20211213,5,0.8779
380,FB,20211213,5,0.8779
381,TSLA,20211213,5,-0.2263
382,TSLA,20211213,5,0.4404
383,MSFT,20211213,5,0.6124
384,TSLA,20211213,5,-0.1531
385,MSFT,20211213,5,0.25
386,AAPL,20211213,5,-0.8225
387,AAPL,20211213,5,0.4404
388,TSLA,20211213,5,0.0
389,TSLA,20211213,5,0.3089
390,MSFT,20211213,5,0.0
391,AAPL,20211213,5,0.0
392,NVDA,20211213,5,0.0
393,TSLA,20211213,5,0.0
394,AAPL,20211213,5,-0.8225
395,AAPL,20211213,5,-0.8225
396,AAPL,20211213,5,0.3818
397,TSLA,20211213,5,0.3818
398,TSLA,20211213,5,0.4019
399,TSLA,20211213,5,-0.2263
400,TSLA,20211213,6,0.0
401,AAPL,20211213,6,0.0
402,AAPL,20211213,6,0.4576
403,NVDA,20211213,6,0.4576
404,AAPL,20211213,6,0.8779
405,QCOM,20211213,6,0.8779
406,TSLA,20211213,6,0.8779
407,AAPL,20211213,6,0.0
408,TSLA,20211213,6,-0.2263
409,TSLA,20211213,6,-0.2263
410,QCOM,20211213,6,0.0
411,TSLA,20211213,6,0.3612
412,NVDA,20211213,6,0.3612
413,MSFT,20211213,6,0.3612
414,TSLA,20211213,6,0.3612
415,AAPL,20211213,6,0.0
416,FB,20211213,6,0.0
417,TSLA,20211213,6,-0.296
418,AAPL,20211213,6,0.4404
419,QCOM,20211213,6,0.0
420,NTAP,20211213,6,-0.3612
421,TSLA,20211213,6,0.6758
422,TSLA,20211213,6,0.0
423,QCOM,20211213,6,0.0
424,NTAP,20211213,6,-0.3612
425,FB,20211213,6,0.0
426,CSCO,20211213,6,0.0
427,FB,20211213,6,0.0
428,AAPL,20211213,6,0.5411
429,AAPL,20211213,6,0.4588
430,AAPL,20211213,6,0.891
431,TSLA,20211213,6,0.0
432,AAPL,20211213,6,0.5106
433,AAPL,20211213,6,0.0
434,TMUS,20211213,6,0.6597
435,TSLA,20211213,6,-0.1027
436,TSLA,20211213,6,0.5106
437,PYPL,20211213,6,0.5849
438,AAPL,20211213,6,0.2023
439,AAPL,20211213,6,0.2023
440,AAPL,20211213,6,0.4556
441,AAPL,20211213,6,0.0
442,AAPL,20211213,6,0.0
443,AAPL,20211213,6,0.4404
444,MSFT,20211213,6,0.25
445,AAPL,20211213,6,0.0
446,AAPL,20211213,6,0.0
447,NFLX,20211213,6,0.0
448,NVDA,20211213,6,0.0
449,AAPL,20211213,6,0.8779
450,QCOM,20211213,6,0.8779
451,TSLA,20211213,6,0.8779
452,AAPL,20211213,6,0.0
453,MSFT,20211213,6,0.0
454,NVDA,20211213,6,0.0
455,TSLA,20211213,6,0.0
456,PYPL,20211213,6,0.0
457,TSLA,20211213,6,0.2023
458,FB,20211213,6,0.0
459,FB,20211213,6,0.0
460,AAPL,20211213,6,0.0
461,AAPL,20211213,6,0.0
462,CSCO,20211213,6,0.0
463,AAPL,20211213,6,0.0
464,NVDA,20211213,6,0.0
465,PYPL,20211213,6,0.0
466,TSLA,20211213,6,-0.2263
467,MU,20211213,6,0.836
468,AAPL,20211213,6,0.0
469,TSLA,20211213,6,0.3612
470,TSLA,20211213,6,0.0
471,FB,20211213,6,0.296
472,FB,20211213,6,0.296
473,AAPL,20211213,6,-0.8225
474,CSCO,20211213,6,0.0
475,AAPL,20211213,6,0.0173
476,AAPL,20211213,6,0.0772
477,AAPL,20211213,6,-0.8225
478,AAL,20211213,6,0.4404
479,AAPL,20211213,6,0.6369
480,AAPL,20211213,6,0.0
481,CMCSA,20211213,6,0.4404
482,AAPL,20211213,6,0.0
483,AAPL,20211213,6,0.0
484,AAPL,20211213,6,0.0
485,AAPL,20211213,6,0.7096
486,TSLA,20211213,6,0.0
487,TSLA,20211213,6,-0.2732
488,TSLA,20211213,6,0.0
489,AAPL,20211213,6,0.0
490,FB,20211213,6,0.0
491,FB,20211213,6,0.0
492,TSLA,20211213,6,0.419
493,HSIC,20211213,7,0.4767
494,AAPL,20211213,7,0.8779
495,QCOM,20211213,7,0.8779
496,TSLA,20211213,7,0.8779
497,ULTA,20211213,7,0.5106
498,NCLH,20211213,7,0.4404
499,AAPL,20211213,7,0.0
500,HSIC,20211213,7,0.4767
501,STX,20211213,7,0.4404
502,TSLA,20211213,7,0.2023
503,NTAP,20211213,7,0.516
504,ADBE,20211213,7,0.0
505,AAPL,20211213,7,0.0
506,HSIC,20211213,7,0.4767
507,TSLA,20211213,7,0.5859
508,HSIC,20211213,7,0.4767
509,MSFT,20211213,7,0.0
510,MSFT,20211213,7,0.0
511,TSLA,20211213,7,0.0
512,TSLA,20211213,7,0.2023
513,AAPL,20211213,7,0.0772
514,AAPL,20211213,7,0.0
515,ADBE,20211213,7,0.0
516,COST,20211213,7,0.3818
517,AAPL,20211213,7,0.5319
518,TSLA,20211213,7,0.5319
519,FB,20211213,7,0.4404
520,NVDA,20211213,7,0.0
521,CSCO,20211213,7,0.0
522,AAPL,20211213,7,0.368
523,AAPL,20211213,7,0.0
524,AAPL,20211213,7,0.0
525,AAPL,20211213,7,0.8979
526,BIDU,20211213,7,-0.5423
527,AAPL,20211213,7,0.0
528,AAPL,20211213,7,0.0
529,TSLA,20211213,7,0.0
530,TSLA,20211213,7,0.0
531,AAPL,20211213,7,0.0683
532,AAPL,20211213,7,-0.2263
533,NVDA,20211213,7,0.0
534,TSLA,20211213,7,0.0
535,AAPL,20211213,7,0.0
536,AAPL,20211213,7,0.8264
537,AAPL,20211213,7,0.0
538,AAPL,20211213,7,0.2023
539,TSLA,20211213,7,-0.2263
540,AAPL,20211213,7,0.0772
541,TSLA,20211213,7,-0.2263
542,TSLA,20211213,7,0.3612
543,AAPL,20211213,7,0.0
544,HSIC,20211213,7,-0.128
545,KHC,20211213,7,0.6808
546,MSFT,20211213,7,0.0
547,AAPL,20211213,7,0.0
548,NVDA,20211213,7,0.0
549,TSLA,20211213,7,0.0
550,TSLA,20211213,7,-0.2263
551,NVDA,20211213,7,-0.2263
552,AAPL,20211213,7,0.0
553,AAPL,20211213,7,0.7184
554,AAPL,20211213,7,0.0
555,AAPL,20211213,7,0.0
556,COST,20211213,7,0.0
557,MSFT,20211213,7,-0.2263
558,AAPL,20211213,7,0.0
559,AAPL,20211213,7,0.4404
560,AVGO,20211213,7,0.0
561,TSLA,20211213,7,-0.6115
562,AAPL,20211213,7,0.0
563,AAPL,20211213,7,0.0
564,MSFT,20211213,7,0.0
565,ADBE,20211213,7,0.0
566,FB,20211213,7,-0.2263
567,TSLA,20211213,7,0.0
568,AAPL,20211213,7,0.34
569,TSLA,20211213,7,-0.2263
570,AAPL,20211213,7,0.8779
571,QCOM,20211213,7,0.8779
572,TSLA,20211213,7,0.8779
573,TSLA,20211213,7,-0.128
574,AVGO,20211213,7,0.0
575,AAPL,20211213,7,0.0
576,AVGO,20211213,7,0.0
577,AAPL,20211213,7,0.6486
578,TSLA,20211213,7,0.6486
579,NVDA,20211213,7,0.4588
580,AAPL,20211213,7,-0.6124
581,AVGO,20211213,7,-0.2263
582,AAPL,20211213,7,0.0516
583,FB,20211213,7,-0.1593
584,AAPL,20211213,7,0.0
585,AAPL,20211213,7,0.3578
586,TSLA,20211213,7,0.4767
587,MSFT,20211213,7,0.4767
588,AAPL,20211213,7,0.6705
589,NVDA,20211213,7,0.6705
590,JD,20211213,7,0.0
591,TSLA,20211213,7,0.4019
592,AAPL,20211213,7,0.296
593,AAPL,20211213,7,0.296
594,MU,20211213,7,-0.296
595,AAPL,20211213,7,-0.6428
596,QCOM,20211213,7,0.0
597,TSLA,20211213,7,0.0
598,AVGO,20211213,7,0.0
599,TSLA,20211213,7,-0.2263
600,TSLA,20211213,7,0.296
601,AAPL,20211213,7,0.5719
602,AAPL,20211213,7,0.7845
603,NVDA,20211213,7,0.7845
604,TSLA,20211213,7,-0.5859
605,COST,20211213,7,-0.2263
606,MSFT,20211213,7,0.4404
607,AAL,20211213,7,-0.2263
608,AAPL,20211213,7,0.0
609,AAPL,20211213,7,0.5106
610,AVGO,20211213,7,0.0
611,CSX,20211213,7,0.0
612,AAPL,20211213,7,0.0
613,TSLA,20211213,7,0.296
614,AAPL,20211213,7,0.296
615,TSLA,20211213,7,0.0
616,MSFT,20211213,7,0.25
617,TSLA,20211213,7,0.4019
618,AAPL,20211213,7,0.8472
619,AAPL,20211213,7,0.0
620,MDLZ,20211213,7,0.0
621,AAPL,20211213,8,0.5267
622,NVDA,20211213,8,0.5267
623,GOOG,20211213,8,0.0
624,FB,20211213,8,0.0
625,AAPL,20211213,8,0.0
626,MSFT,20211213,8,0.0
627,AAPL,20211213,8,0.0
628,SWKS,20211213,8,0.5413
629,AAPL,20211213,8,0.8779
630,TSLA,20211213,8,0.8779
631,AAPL,20211213,8,0.0
632,AAPL,20211213,8,0.0
633,AAPL,20211213,8,0.0
634,AAPL,20211213,8,0.0
635,TSLA,20211213,8,0.0
636,TSLA,20211213,8,0.0
637,AAPL,20211213,8,0.0
638,AAPL,20211213,8,0.0
639,AAPL,20211213,8,0.0
640,TSLA,20211213,8,-0.5719
641,AAPL,20211213,8,0.0
642,AAPL,20211213,8,0.0
643,AAPL,20211213,8,0.0
644,AMAT,20211213,8,0.5106
645,AAPL,20211213,8,0.2732
646,INTU,20211213,8,0.0
647,TSLA,20211213,8,0.0
648,COST,20211213,8,0.0
649,AAPL,20211213,8,0.34
650,AVGO,20211213,8,0.2023
651,AVGO,20211213,8,0.5106
652,BIDU,20211213,8,0.2263
653,TSLA,20211213,8,0.6696
654,AAPL,20211213,8,-0.34
655,TSLA,20211213,8,0.0
656,CMCSA,20211213,8,0.5106
657,CSCO,20211213,8,0.0
658,MSFT,20211213,8,0.4215
659,CSCO,20211213,8,-0.2263
660,BIDU,20211213,8,0.0
661,TSLA,20211213,8,-0.5719
662,TSLA,20211213,8,0.0
663,DLTR,20211213,8,0.0
664,AAPL,20211213,8,0.6351
665,FB,20211213,8,0.5106
666,CSCO,20211213,8,0.0
667,AAPL,20211213,8,0.2648
668,AAPL,20211213,8,-0.7197
669,TSLA,20211213,8,-0.7197
670,TSLA,20211213,8,0.4754
671,AAPL,20211213,8,0.8102
672,TSLA,20211213,8,0.0
673,CSCO,20211213,8,-0.2263
674,AAPL,20211213,8,0.4201
675,TSLA,20211213,8,0.4201
676,MSFT,20211213,8,0.4201
677,GOOG,20211213,8,0.0
678,GOOG,20211213,8,-0.0258
679,AAPL,20211213,8,-0.0258
680,MSFT,20211213,8,-0.0258
681,CSCO,20211213,8,0.296
682,GOOG,20211213,8,0.2263
683,TSLA,20211213,8,-0.0258
684,TSLA,20211213,8,-0.2263
685,FB,20211213,8,-0.0258
686,ADBE,20211213,8,-0.0258
687,CSCO,20211213,8,0.0
688,AAPL,20211213,8,0.0
689,AAPL,20211213,8,0.3182
690,BBBY,20211213,8,0.0
691,TSLA,20211213,8,0.0
692,AAPL,20211213,8,0.0
693,TSLA,20211213,8,0.0
694,TSLA,20211213,8,-0.5267
695,AAPL,20211213,8,0.0
696,MSFT,20211213,8,0.2263
697,AAPL,20211213,8,0.0
698,TSLA,20211213,8,0.0
699,MSFT,20211213,8,0.0
700,NFLX,20211213,8,0.5106
701,EBAY,20211213,8,0.0
702,TSLA,20211213,8,0.0
703,AAPL,20211213,8,0.0
704,TSLA,20211213,8,-0.2263
705,ORLY,20211213,8,0.0
706,EA,20211213,8,0.0
707,PYPL,20211213,8,0.5106
708,QCOM,20211213,8,0.2263
709,AAPL,20211213,8,-0.2263
710,MSFT,20211213,8,0.25
711,TSLA,20211213,8,0.4019
712,TSLA,20211213,8,0.4588
713,GOOG,20211213,8,0.0
714,GOOG,20211213,8,0.0
715,FB,20211213,8,0.0
716,AAPL,20211213,8,0.0
717,MSFT,20211213,8,0.0
718,TSLA,20211213,8,0.296
719,AVGO,20211213,8,-0.2263
720,AAPL,20211213,8,0.34
721,COST,20211213,8,0.0
722,TSLA,20211213,8,-0.3384
723,TSLA,20211213,8,0.3291
724,TSLA,20211213,8,0.5106
725,AAPL,20211213,8,0.4445
726,AAPL,20211213,8,-0.4019
727,WDC,20211213,8,0.2263
728,TSLA,20211213,8,-0.2263
729,TSLA,20211213,8,0.0
730,TSLA,20211213,8,-0.4404
731,AAPL,20211213,8,-0.2808
732,FB,20211213,8,0.0258
733,GOOG,20211213,8,0.0
734,FB,20211213,8,0.0
735,AAPL,20211213,8,0.0
736,TSLA,20211213,8,0.0
737,FB,20211213,8,0.0
738,FB,20211213,8,0.0
739,NVDA,20211213,8,0.0
740,AAPL,20211213,8,0.34
741,TSLA,20211213,8,-0.2263
742,AAPL,20211213,8,0.0
743,AVGO,20211213,8,0.0
744,AAPL,20211213,8,0.0
745,AAPL,20211213,8,0.0
746,TSLA,20211213,8,0.802
747,DISCA,20211213,8,0.0
748,AAPL,20211213,8,0.34
749,COST,20211213,8,0.0
750,TSLA,20211213,8,0.4588
751,TSLA,20211213,8,0.3612
752,AAPL,20211213,8,0.0
753,TSLA,20211213,8,-0.7393
754,CSCO,20211213,8,0.1779
755,TSLA,20211213,8,0.0
756,AAPL,20211213,8,0.4939
757,TSLA,20211213,8,0.0
758,AAPL,20211213,8,0.0
759,TSLA,20211213,8,0.0
760,TSLA,20211213,8,0.0
761,CSCO,20211213,8,0.0
762,TSLA,20211213,8,0.4767
763,AAPL,20211213,8,0.8774
764,AAPL,20211213,8,0.296
765,NFLX,20211213,8,0.0
766,TSLA,20211213,8,0.0
767,AAPL,20211213,8,0.0
768,AAPL,20211213,8,0.0
769,TSLA,20211213,8,0.3182
770,AAPL,20211213,8,0.6249
771,AAPL,20211213,8,0.0
772,AAPL,20211213,8,0.0
773,NFLX,20211213,8,0.0
774,NVDA,20211213,8,0.0
775,AAPL,20211213,8,0.5753
776,TSLA,20211213,8,-0.2263
777,AAPL,20211213,8,0.0
778,AAPL,20211213,8,-0.5599
779,AAPL,20211213,8,0.368
780,TSLA,20211213,8,-0.7149
781,TSLA,20211213,8,0.4404
782,AAPL,20211213,8,-0.4215
783,MSFT,20211213,8,0.6166
784,TSLA,20211213,8,0.0
785,TSLA,20211213,8,0.0
786,TSLA,20211213,8,0.7125
787,AAPL,20211213,8,-0.4434
788,MSFT,20211213,8,0.0
789,AAPL,20211213,8,0.0
790,ADBE,20211213,8,0.0
791,AAPL,20211213,8,-0.3804
792,AAPL,20211213,8,0.2481
793,AAPL,20211213,8,0.0
794,TSLA,20211213,8,-0.3384
795,AAPL,20211213,8,0.4939
796,AAPL,20211213,8,0.0
797,TSLA,20211213,8,0.0
798,TSLA,20211213,8,0.4767
799,TSLA,20211213,8,0.0
800,COST,20211213,8,0.0
801,TSLA,20211213,8,-0.3384
802,AAPL,20211213,8,0.6652
803,TSLA,20211213,8,0.0
804,STX,20211213,8,0.0
805,TSLA,20211213,8,0.0
806,TSLA,20211213,8,0.6696
807,AAPL,20211213,8,-0.3612
808,AAPL,20211213,8,0.296
809,AAPL,20211213,8,0.296
810,TSLA,20211213,8,0.4588
811,TSLA,20211213,8,0.0
812,AAPL,20211213,8,0.0
813,TSLA,20211213,8,0.0
814,AAPL,20211213,8,0.0
815,AAPL,20211213,8,0.0
816,TSLA,20211213,8,0.1358
817,TSLA,20211213,8,-0.3612
818,TSLA,20211213,8,0.4588
819,TSLA,20211213,8,0.4939
820,AAPL,20211213,8,-0.3804
821,COST,20211213,8,0.0
822,TSLA,20211213,8,0.0
823,COST,20211213,8,0.0
824,TSLA,20211213,8,0.0
825,ADBE,20211213,8,0.0
826,TSLA,20211213,8,0.0
827,AAPL,20211213,8,0.0
828,AVGO,20211213,8,0.0
829,TSLA,20211213,8,0.0
830,AAPL,20211213,8,0.6212
831,AAPL,20211213,8,0.296
832,AAPL,20211213,8,0.0
833,AAPL,20211213,8,0.296
834,TSLA,20211213,8,0.0
835,NFLX,20211213,8,0.1901
836,AAPL,20211213,8,0.7297
837,TSLA,20211213,8,-0.2263
838,TSLA,20211213,8,0.4588
839,AAPL,20211213,8,-0.7197
840,TSLA,20211213,8,-0.7197
841,MSFT,20211213,8,0.0
842,TSLA,20211213,8,0.2263
843,AAPL,20211213,8,0.4215
844,TSLA,20211213,8,0.0
845,AAPL,20211213,8,0.0
846,CSCO,20211213,8,0.296
847,TSLA,20211213,8,0.0
848,CSCO,20211213,8,0.296
849,AAPL,20211213,8,0.0
850,CSCO,20211213,8,0.296
851,CSCO,20211213,8,0.296
852,TSLA,20211213,8,0.0
853,TSLA,20211213,8,-0.2263
854,TSLA,20211213,8,0.6369
855,AAPL,20211213,8,0.0
856,AAPL,20211213,8,0.0
857,TSLA,20211213,8,0.0
858,NVDA,20211213,8,0.4173
859,TSLA,20211213,8,0.5106
860,GILD,20211213,9,0.0
861,AAPL,20211213,9,0.0
862,AAPL,20211213,9,0.4576
863,NVDA,20211213,9,0.4576
864,GOOG,20211213,9,0.0
865,FB,20211213,9,0.0
866,AAPL,20211213,9,0.0
867,MSFT,20211213,9,0.0
868,WBA,20211213,9,0.0
869,TSLA,20211213,9,0.0
870,AAPL,20211213,9,0.0
871,TSLA,20211213,9,-0.4824
872,AAPL,20211213,9,0.0
873,AAPL,20211213,9,0.2023
874,TSLA,20211213,9,0.2023
875,FB,20211213,9,0.0258
876,AAPL,20211213,9,0.8779
877,TSLA,20211213,9,0.8779
878,CSCO,20211213,9,0.296
879,TSLA,20211213,9,-0.5563
880,AAPL,20211213,9,-0.2732
881,TSLA,20211213,9,-0.1531
882,NCLH,20211213,9,0.1779
883,TSLA,20211213,9,0.0
884,LRCX,20211213,9,0.0
885,GILD,20211213,9,0.0
886,AAPL,20211213,9,0.0
887,PYPL,20211213,9,0.3612
888,TSLA,20211213,9,-0.1531
889,TSLA,20211213,9,-0.3612
890,AAPL,20211213,9,0.0
891,AAPL,20211213,9,0.0
892,MSFT,20211213,9,0.0
893,AAPL,20211213,9,0.0
894,QCOM,20211213,9,0.0
895,FB,20211213,9,0.0
896,AAPL,20211213,9,0.368
897,TSLA,20211213,9,-0.5994
898,AAPL,20211213,9,0.0
899,TSLA,20211213,9,0.0
900,AAPL,20211213,9,0.0
901,TSLA,20211213,9,0.0
902,AAPL,20211213,9,-0.3804
903,AAPL,20211213,9,0.4588
904,TSLA,20211213,9,0.4588
905,AAPL,20211213,9,0.3291
906,AAPL,20211213,9,0.0
907,TSLA,20211213,9,0.0
908,TSLA,20211213,9,0.4926
909,AAPL,20211213,9,0.7184
910,QCOM,20211213,9,0.7184
911,AAPL,20211213,9,-0.636
912,AAPL,20211213,9,0.2023
913,AAPL,20211213,9,0.2023
914,AAPL,20211213,9,0.0
915,MSFT,20211213,9,0.0
916,AAPL,20211213,9,0.0
917,QCOM,20211213,9,0.0
918,NCLH,20211213,9,0.1779
919,AAPL,20211213,9,0.0
920,AAPL,20211213,9,-0.8582
921,AAPL,20211213,9,0.0
922,TSLA,20211213,9,-0.2263
923,AAPL,20211213,9,0.7003
924,AAPL,20211213,9,0.0
925,INCT,20211213,9,0.0
926,AAPL,20211213,9,0.0
927,AAPL,20211213,9,0.0
928,AAPL,20211213,9,0.34
929,AAPL,20211213,9,0.0
930,AAPL,20211213,9,0.0
931,SBUX,20211213,9,0.0
932,MSFT,20211213,9,0.0
933,TSLA,20211213,9,0.416
934,AAPL,20211213,9,0.6428
935,AAPL,20211213,9,0.0
936,AAPL,20211213,9,0.2023
937,AAPL,20211213,9,0.2023
938,AAPL,20211213,9,0.0
939,AAPL,20211213,9,0.0
940,AVGO,20211213,9,-0.25
941,TSLA,20211213,9,-0.25
942,NFLX,20211213,9,-0.25
943,BIDU,20211213,9,-0.25
944,NVDA,20211213,9,0.0
945,COST,20211213,9,0.0
946,QCOM,20211213,9,0.0
947,AAPL,20211213,9,0.0
948,MU,20211213,9,0.0
949,MU,20211213,9,0.0
950,NVDA,20211213,9,0.0
951,AAPL,20211213,9,-0.4574
952,FB,20211213,9,0.0
953,AAPL,20211213,9,0.0
954,AAPL,20211213,9,0.0
955,AAPL,20211213,9,0.5267
956,FB,20211213,9,0.6369
957,AAPL,20211213,9,0.5574
958,AAPL,20211213,9,0.0
959,AAPL,20211213,9,0.2023
960,AAPL,20211213,9,0.2023
961,NVDA,20211213,9,0.8306
962,TSLA,20211213,9,0.8306
963,GILD,20211213,9,0.8306
964,FB,20211213,9,0.8306
965,AAPL,20211213,9,0.0
966,TSLA,20211213,9,0.0
967,AAPL,20211213,9,0.0
968,MSFT,20211213,9,0.0
969,NVDA,20211213,9,0.0
970,MSFT,20211213,9,0.25
971,TSLA,20211213,9,-0.2263
972,AAPL,20211213,9,0.0
973,AAPL,20211213,9,-0.5106
974,AAPL,20211213,9,0.0
975,FB,20211213,9,0.0
976,MU,20211213,9,0.0
977,QCOM,20211213,9,0.0
978,NFLX,20211213,9,0.0
979,FB,20211213,9,0.7184
980,MU,20211213,9,0.0
981,QCOM,20211213,9,0.0
982,NFLX,20211213,9,0.0
983,AAPL,20211213,9,-0.4513
984,AAPL,20211213,9,-0.296
985,MSFT,20211213,9,0.1901
986,AAPL,20211213,9,0.1901
987,AAPL,20211213,9,-0.5106
988,MSFT,20211213,9,0.0
989,AAPL,20211213,9,0.0
990,MU,20211213,9,0.0
991,AAPL,20211213,9,0.2023
992,MSFT,20211213,9,0.2023
993,QCOM,20211213,9,0.2023
994,MU,20211213,9,0.2023
995,AAPL,20211213,9,0.0
996,AAPL,20211213,9,0.4404
997,MU,20211213,9,0.0
998,QCOM,20211213,9,0.0
999,MNST,20211213,9,0.0
1000,AAPL,20211213,9,0.2714
1001,AAPL,20211213,9,0.0
1002,FB,20211213,9,0.0
1003,AAPL,20211213,9,0.0191
1004,ADBE,20211213,9,0.0191
1005,TSLA,20211213,9,-0.2263
1006,FB,20211213,9,0.6369
1007,AAPL,20211213,9,0.2263
1008,FB,20211213,9,0.802
1009,TSLA,20211213,9,0.0
1010,AAPL,20211213,9,0.0
1011,AAPL,20211213,9,-0.8436
1012,TSLA,20211213,9,0.4033
1013,FB,20211213,9,0.6369
1014,BIDU,20211213,9,-0.2263
1015,AAPL,20211213,9,-0.6841
1016,AAPL,20211213,9,0.0
1017,AAPL,20211213,9,-0.1779
1018,NFLX,20211213,9,0.128
1019,AAPL,20211213,9,0.5106
1020,AAPL,20211213,9,0.0
1021,AAPL,20211213,9,0.0
1022,TSLA,20211213,9,-0.2263
1023,AAPL,20211213,9,0.0
1024,AAPL,20211213,9,0.4086
1025,AAPL,20211213,9,0.296
1026,TSLA,20211213,9,0.3818
1027,AAPL,20211213,9,-0.5106
1028,AAPL,20211213,9,-0.1779
1029,AAPL,20211213,9,0.296
1030,TSLA,20211213,9,0.0
1031,AAPL,20211213,9,0.0
1032,REGN,20211213,9,0.4404
1033,TSLA,20211213,9,0.3612
1034,AAPL,20211213,9,0.0
1035,MSFT,20211213,9,0.0
1036,AAPL,20211213,9,0.0
1037,NFLX,20211213,9,0.0
1038,TSLA,20211213,9,0.0
1039,AAPL,20211213,9,0.0
1040,TSLA,20211213,9,0.9022
1041,FB,20211213,9,0.0
1042,FB,20211213,9,0.6369
1043,AAPL,20211213,9,0.0
1044,MU,20211213,9,0.0
1045,NFLX,20211213,9,0.6808
1046,FB,20211213,9,0.0258
1047,TSLA,20211213,9,-0.2732
1048,AAPL,20211213,9,0.0
1049,AAPL,20211213,9,0.0
1050,AAPL,20211213,9,0.0
1051,AAPL,20211213,9,0.2263
1052,ATVI,20211213,9,0.0
1053,AAPL,20211213,9,0.0
1054,AAPL,20211213,9,0.0
1055,AAPL,20211213,9,0.0
1056,MSFT,20211213,9,0.88
1057,AAPL,20211213,9,0.4404
1058,TSLA,20211213,9,-0.6523
1059,AAPL,20211213,9,0.0
1060,INCY,20211213,9,0.4404
1061,AAPL,20211213,9,0.0
1062,QCOM,20211213,9,0.0
1063,TSLA,20211213,9,-0.2263
1064,AAPL,20211213,9,0.7717
1065,AAPL,20211213,9,0.5859
1066,AAPL,20211213,9,0.0
1067,AAPL,20211213,9,0.7906
1068,GILD,20211213,9,-0.2732
1069,QCOM,20211213,9,-0.2732
1070,AAPL,20211213,9,0.0
1071,TSLA,20211213,9,0.5719
1072,TSLA,20211213,9,0.4588
1073,AAPL,20211213,9,0.0
1074,TSLA,20211213,9,0.4404
1075,AAPL,20211213,9,0.0
1076,MSFT,20211213,9,0.0
1077,AAPL,20211213,9,0.0
1078,AAPL,20211213,9,0.4404
1079,TSLA,20211213,9,0.5859
1080,AAPL,20211213,9,-0.8067
1081,AAPL,20211213,9,0.0
1082,TSLA,20211213,9,-0.2263
1083,MDLZ,20211213,9,0.7096
1084,FB,20211213,9,-0.3818
1085,TSLA,20211213,9,0.2732
1086,AAPL,20211213,9,0.8497
1087,AAPL,20211213,9,0.0
1088,MSFT,20211213,9,0.0
1089,NVDA,20211213,9,0.0
1090,TSLA,20211213,9,0.0
1091,TSLA,20211213,9,-0.2263
1092,FB,20211213,9,0.4019
1093,TSLA,20211213,9,0.0
1094,FB,20211213,9,0.0258
1095,AAPL,20211213,9,0.0
1096,AAPL,20211213,9,0.2023
1097,AAPL,20211213,9,0.2023
1098,JD,20211213,9,-0.2263
1099,COST,20211213,9,0.0
1100,COST,20211213,9,0.6114
1101,TSLA,20211213,9,0.5719
1102,AAPL,20211213,9,0.8497
1103,MDLZ,20211213,9,0.2732
1104,COST,20211213,9,0.0
1105,NVDA,20211213,9,0.2732
1106,AAPL,20211213,9,0.0
1107,AAPL,20211213,9,0.0
1108,TMUS,20211213,9,0.6369
1109,TSLA,20211213,10,-0.7767
1110,TSLA,20211213,10,0.7184
1111,AAPL,20211213,10,0.0
1112,AAPL,20211213,10,0.5423
1113,NVDA,20211213,10,0.0
1114,AAPL,20211213,10,0.4466
1115,GOOG,20211213,10,0.0
1116,FB,20211213,10,0.0
1117,AAPL,20211213,10,0.0
1118,MSFT,20211213,10,0.0
1119,FB,20211213,10,0.6597
1120,GOOG,20211213,10,0.6597
1121,COST,20211213,10,0.5106
1122,AAPL,20211213,10,0.8779
1123,FB,20211213,10,0.8779
1124,TSLA,20211213,10,0.8779
1125,TSLA,20211213,10,0.4404
1126,MSFT,20211213,10,0.0
1127,AAPL,20211213,10,0.0
1128,AAPL,20211213,10,0.516
1129,NVDA,20211213,10,0.0
1130,MU,20211213,10,0.0
1131,AAPL,20211213,10,0.0
1132,AVGO,20211213,10,0.5106
1133,AAPL,20211213,10,0.4767
1134,SBUX,20211213,10,0.0
1135,TSLA,20211213,10,0.0
1136,SBUX,20211213,10,0.0
1137,TSLA,20211213,10,0.2415
1138,AAPL,20211213,10,0.1877
1139,AAPL,20211213,10,0.0
1140,SBUX,20211213,10,0.0
1141,GOOG,20211213,10,0.0
1142,FB,20211213,10,0.0
1143,AAPL,20211213,10,0.0
1144,MSFT,20211213,10,0.0
1145,PYPL,20211213,10,0.0
1146,AAPL,20211213,10,0.0
1147,TSLA,20211213,10,0.0
1148,AAPL,20211213,10,0.0
1149,AAPL,20211213,10,-0.6124
1150,GILD,20211213,10,0.0
1151,AAPL,20211213,10,0.2023
1152,AAPL,20211213,10,0.4404
1153,TSLA,20211213,10,0.0
1154,TSLA,20211213,10,0.0
1155,AAPL,20211213,10,0.2023
1156,AAPL,20211213,10,0.3612
1157,MU,20211213,10,0.5106
1158,TSLA,20211213,10,0.3612
1159,TSLA,20211213,10,-0.872
1160,AAPL,20211213,10,0.8074
1161,FB,20211213,10,0.0
1162,MSFT,20211213,10,0.0
1163,AAPL,20211213,10,0.0
1164,TSLA,20211213,10,0.0
1165,FB,20211213,10,0.0
1166,PYPL,20211213,10,0.0
1167,FB,20211213,10,0.6786
1168,ADP,20211213,10,0.296
1169,TSLA,20211213,10,0.296
1170,PYPL,20211213,10,0.0
1171,MU,20211213,10,0.0
1172,PYPL,20211213,10,0.0
1173,TSLA,20211213,10,0.0
1174,AAPL,20211213,10,0.0
1175,QCOM,20211213,10,0.6892
1176,AAPL,20211213,10,0.8176
1177,AAPL,20211213,10,0.0
1178,AAPL,20211213,10,0.0
1179,NVDA,20211213,10,0.0343
1180,AAPL,20211213,10,-0.7197
1181,TSLA,20211213,10,-0.7197
1182,TSLA,20211213,10,0.8402
1183,TSLA,20211213,10,0.0
1184,GOOG,20211213,10,0.296
1185,AAPL,20211213,10,0.0
1186,TSLA,20211213,10,0.0
1187,TSLA,20211213,10,0.2263
1188,AAPL,20211213,10,-0.34
1189,AAPL,20211213,10,0.34
1190,GOOG,20211213,10,-0.368
1191,WBA,20211213,10,0.3818
1192,TSLA,20211213,10,0.0
1193,QCOM,20211213,10,0.4404
1194,AAPL,20211213,10,0.296
1195,ADBE,20211213,10,0.4926
1196,QCOM,20211213,10,0.0
1197,TSLA,20211213,10,0.0
1198,TSLA,20211213,10,0.0
1199,AAPL,20211213,10,0.0
1200,MSFT,20211213,10,0.0
1201,NVDA,20211213,10,0.0
1202,TSLA,20211213,10,0.0
1203,AAPL,20211213,10,0.0
1204,TSLA,20211213,10,0.1531
1205,QCOM,20211213,10,0.0
1206,QCOM,20211213,10,0.4404
1207,AAPL,20211213,10,-0.296
1208,FB,20211213,10,0.0
1209,TSLA,20211213,10,-0.4767
1210,AAPL,20211213,10,0.6166
1211,NCLH,20211213,10,0.1759
1212,FB,20211213,10,0.6588
1213,FB,20211213,10,0.0
1214,TSLA,20211213,10,0.6478
1215,AAPL,20211213,10,0.0
1216,NFLX,20211213,10,0.0
1217,TSLA,20211213,10,0.5562
1218,FB,20211213,10,0.0
1219,CMCSA,20211213,10,0.0
1220,TSLA,20211213,10,0.2023
1221,FB,20211213,10,0.0
1222,AAPL,20211213,10,0.0
1223,AAPL,20211213,10,0.0
1224,TSLA,20211213,10,0.0
1225,FB,20211213,10,0.0
1226,FB,20211213,10,0.296
1227,TSLA,20211213,10,0.296
1228,TSLA,20211213,10,0.0
1229,AAPL,20211213,10,0.296
1230,NVDA,20211213,10,0.0
1231,AAPL,20211213,10,0.0
1232,FB,20211213,10,0.8074
1233,AMAT,20211213,10,0.4019
1234,TSLA,20211213,10,0.2263
1235,TSLA,20211213,10,0.0
1236,STX,20211213,10,0.0
1237,TSLA,20211213,10,0.0
1238,FB,20211213,10,0.8074
1239,TSLA,20211213,10,0.0772
1240,FB,20211213,10,0.0258
1241,TSLA,20211213,10,0.6705
1242,TSLA,20211213,10,-0.2732
1243,GOOG,20211213,10,-0.7506
1244,TSLA,20211213,10,-0.5956
1245,AAPL,20211213,10,0.4466
1246,TSLA,20211213,10,0.3818
1247,TSLA,20211213,10,0.0
1248,TSLA,20211213,10,-0.2732
1249,TSLA,20211213,10,0.296
1250,AAPL,20211213,10,0.4404
1251,TSLA,20211213,10,0.5719
1252,AAPL,20211213,10,0.0
1253,SBUX,20211213,10,0.0
1254,AAPL,20211213,10,0.0
1255,TSLA,20211213,10,0.3612
1256,AAPL,20211213,10,0.0
1257,AAPL,20211213,10,0.0
1258,TSLA,20211213,10,0.0
1259,MSFT,20211213,10,0.0
1260,TSLA,20211213,10,0.5672
1261,AAPL,20211213,10,0.4404
1262,AAPL,20211213,10,-0.4215
1263,TSLA,20211213,10,0.2023
1264,COST,20211213,10,0.2023
1265,SBUX,20211213,10,0.0534
1266,TSLA,20211213,10,0.0
1267,COST,20211213,10,-0.2577
1268,AAPL,20211213,10,-0.2577
1269,TSLA,20211213,10,-0.5106
1270,TSLA,20211213,10,0.0
1271,TSLA,20211213,10,0.5719
1272,FB,20211213,10,0.0258
1273,AAPL,20211213,10,-0.4939
1274,MSFT,20211213,10,-0.4939
1275,FB,20211213,10,-0.4939
1276,TSLA,20211213,10,-0.4939
1277,NVDA,20211213,10,-0.4939
1278,AAPL,20211213,10,0.4728
1279,NTES,20211213,10,0.0
1280,TSLA,20211213,10,0.1779
1281,WBA,20211213,10,-0.5719
1282,MU,20211213,10,0.0
1283,AAPL,20211213,10,0.296
1284,PYPL,20211213,10,0.0
1285,AAPL,20211213,10,0.0
1286,FB,20211213,10,0.0
1287,TSLA,20211213,10,0.7506
1288,TSLA,20211213,10,0.3818
1289,AAPL,20211213,10,0.6249
1290,AMGN,20211213,10,0.296
1291,TSLA,20211213,10,0.8943
1292,GILD,20211213,10,0.3182
1293,FB,20211213,10,-0.4648
1294,NFLX,20211213,10,0.296
1295,TSLA,20211213,10,0.3818
1296,TSLA,20211213,10,0.0
1297,TSLA,20211213,10,-0.4019
1298,FB,20211213,10,0.0
1299,AAPL,20211213,10,0.2714
1300,AAPL,20211213,10,0.0
1301,TSLA,20211213,10,0.6705
1302,AAPL,20211213,10,-0.5622
1303,AAPL,20211213,10,-0.7858
1304,AAPL,20211213,10,-0.7858
1305,AAPL,20211213,10,0.0
1306,MSFT,20211213,10,0.0
1307,NVDA,20211213,10,0.0
1308,TSLA,20211213,10,0.0
1309,AAPL,20211213,10,0.2263
1310,AAPL,20211213,10,0.0
1311,AAPL,20211213,10,0.0
1312,TSLA,20211213,10,0.296
1313,TSLA,20211213,10,0.0
1314,TSLA,20211213,10,0.0516
1315,TSLA,20211213,10,0.0
1316,AAPL,20211213,10,0.5411
1317,TSLA,20211213,10,-0.5267
1318,AAPL,20211213,10,-0.5267
1319,TSLA,20211213,10,-0.5423
1320,AAPL,20211213,10,0.0
1321,TSLA,20211213,10,-0.7574
1322,TSLA,20211213,10,0.6155
1323,AAPL,20211213,10,0.0
1324,AAL,20211213,10,0.0
1325,AAPL,20211213,10,0.0
1326,TSLA,20211213,10,0.25
1327,AAPL,20211213,10,0.2023
1328,SBUX,20211213,10,0.0534
1329,COST,20211213,10,0.2023
1330,TSLA,20211213,10,0.8398
1331,TSLA,20211213,10,-0.0857
1332,AAPL,20211213,10,0.0
1333,AAPL,20211213,10,0.0
1334,AAPL,20211213,10,0.0
1335,TSLA,20211213,10,0.3818
1336,TSLA,20211213,10,-0.7003
1337,PYPL,20211213,10,0.0
1338,AAPL,20211213,10,0.0
1339,TSLA,20211213,10,0.7096
1340,AAPL,20211213,10,0.6249
1341,TSLA,20211213,10,0.0
1342,AAPL,20211213,10,0.6249
1343,AAPL,20211213,10,0.0
1344,AAPL,20211213,10,0.5106
1345,AAPL,20211213,10,-0.0857
1346,AAPL,20211213,10,0.0
1347,MSFT,20211213,10,0.0
1348,TSLA,20211213,10,0.3818
1349,TSLA,20211213,10,-0.1027
1350,AAPL,20211213,10,0.0
1351,AAPL,20211213,10,0.0
1352,AAPL,20211213,10,0.0
1353,TSLA,20211213,10,0.0
1354,TSLA,20211213,10,-0.2732
1355,TSLA,20211213,10,0.0
1356,AAPL,20211213,10,0.0
1357,TSLA,20211213,10,0.296
1358,TSLA,20211213,10,0.296
1359,AAPL,20211213,10,0.0
1360,AAPL,20211213,10,0.0
1361,TSLA,20211213,10,0.4173
1362,FB,20211213,10,0.0
1363,TSLA,20211213,10,0.2023
1364,NVDA,20211213,10,0.2023
1365,AAPL,20211213,10,0.0
1366,AAPL,20211213,10,-0.4199
1367,TSLA,20211213,10,-0.2263
1368,AAPL,20211213,10,-0.5499
1369,AAPL,20211213,10,0.0
1370,AAPL,20211213,10,0.0
1371,ADSK,20211213,10,-0.2263
1372,AAPL,20211213,10,-0.2732
1373,TSLA,20211213,10,-0.2732
1374,TSLA,20211213,10,0.5859
1375,PYPL,20211213,10,-0.3818
1376,AAPL,20211213,10,0.128
1377,AAPL,20211213,10,0.6981
1378,AAPL,20211213,10,0.0
1379,TSLA,20211213,10,0.0
1380,TSLA,20211213,11,0.5106
1381,MU,20211213,11,-0.357
1382,AAPL,20211213,11,0.4576
1383,AAL,20211213,11,0.4576
1384,GOOG,20211213,11,0.0
1385,FB,20211213,11,0.0
1386,AAPL,20211213,11,0.0
1387,MSFT,20211213,11,0.0
1388,ADBE,20211213,11,0.4404
1389,TSLA,20211213,11,0.0
1390,AAPL,20211213,11,0.0
1391,AAPL,20211213,11,0.8779
1392,TSLA,20211213,11,0.8779
1393,FB,20211213,11,0.8779
1394,AAPL,20211213,11,0.0
1395,TSLA,20211213,11,0.0
1396,STX,20211213,11,0.0
1397,AAPL,20211213,11,0.8214
1398,ADBE,20211213,11,0.4404
1399,AAPL,20211213,11,0.0
1400,AAPL,20211213,11,0.0
1401,AAPL,20211213,11,0.0
1402,TSLA,20211213,11,0.4588
1403,AVGO,20211213,11,0.296
1404,QCOM,20211213,11,0.0
1405,TSLA,20211213,11,0.0
1406,AAPL,20211213,11,0.0
1407,TSLA,20211213,11,0.0
1408,TSLA,20211213,11,-0.2484
1409,AAPL,20211213,11,0.0
1410,AAPL,20211213,11,0.0
1411,TSLA,20211213,11,-0.2263
1412,TSLA,20211213,11,0.8214
1413,TSLA,20211213,11,0.539
1414,TSLA,20211213,11,0.4442
1415,AAPL,20211213,11,0.3818
1416,AAPL,20211213,11,0.3818
1417,TSLA,20211213,11,0.0
1418,NVDA,20211213,11,0.7184
1419,ADBE,20211213,11,0.25
1420,TSLA,20211213,11,0.0
1421,TSLA,20211213,11,0.0
1422,AAL,20211213,11,0.6588
1423,ADBE,20211213,11,0.4404
1424,AAPL,20211213,11,0.4549
1425,AAPL,20211213,11,0.0
1426,TSLA,20211213,11,0.0
1427,NVDA,20211213,11,0.0
1428,MAT,20211213,11,-0.6125
1429,AAPL,20211213,11,0.0
1430,AAPL,20211213,11,0.0
1431,TSLA,20211213,11,0.0
1432,QCOM,20211213,11,0.4939
1433,TSLA,20211213,11,0.5719
1434,FB,20211213,11,0.0258
1435,TSLA,20211213,11,0.5719
1436,NVDA,20211213,11,0.3182
1437,FB,20211213,11,0.0258
1438,AAPL,20211213,11,-0.296
1439,FB,20211213,11,-0.296
1440,TSLA,20211213,11,0.6369
1441,TSLA,20211213,11,0.0
1442,TSLA,20211213,11,0.0
1443,TSLA,20211213,11,0.0
1444,TSLA,20211213,11,0.6908
1445,MSFT,20211213,11,0.0
1446,AAPL,20211213,11,0.0
1447,NVDA,20211213,11,0.0
1448,TSLA,20211213,11,0.0
1449,AAPL,20211213,11,0.0
1450,TSLA,20211213,11,0.0
1451,TSLA,20211213,11,0.128
1452,TSLA,20211213,11,0.0
1453,TSLA,20211213,11,0.9022
1454,AAPL,20211213,11,0.4215
1455,TSLA,20211213,11,0.4404
1456,TSLA,20211213,11,0.6478
1457,AAPL,20211213,11,0.3818
1458,AAPL,20211213,11,0.3818
1459,AAPL,20211213,11,0.4576
1460,TSLA,20211213,11,0.3612
1461,ULTA,20211213,11,0.4588
1462,AAPL,20211213,11,0.0
1463,MSFT,20211213,11,0.0
1464,FB,20211213,11,0.0
1465,TSLA,20211213,11,0.3612
1466,MSFT,20211213,11,-0.3818
1467,TSLA,20211213,11,0.9081
1468,PYPL,20211213,11,0.0
1469,AAPL,20211213,11,0.0
1470,AAPL,20211213,11,0.296
1471,TSLA,20211213,11,0.0
1472,FB,20211213,11,0.3291
1473,TSLA,20211213,11,0.3612
1474,TSLA,20211213,11,-0.128
1475,TSLA,20211213,11,-0.3182
1476,TSLA,20211213,11,0.4019
1477,FB,20211213,11,0.0
1478,AAPL,20211213,11,0.7727
1479,NVDA,20211213,11,0.3612
1480,NXPI,20211213,11,0.3612
1481,NVDA,20211213,11,0.8306
1482,TSLA,20211213,11,0.8306
1483,GILD,20211213,11,0.8306
1484,FB,20211213,11,0.8306
1485,MAT,20211213,11,0.6114
1486,AAPL,20211213,11,-0.4071
1487,AAPL,20211213,11,0.0085
1488,AAPL,20211213,11,0.0085
1489,MAT,20211213,11,0.0
1490,LRCX,20211213,11,0.4019
1491,TSLA,20211213,11,0.6634
1492,TSLA,20211213,11,0.0
1493,TSLA,20211213,11,-0.5719
1494,ADBE,20211213,11,0.25
1495,MDLZ,20211213,11,0.0
1496,TSLA,20211213,11,0.7959
1497,TSLA,20211213,11,0.0
1498,AAPL,20211213,11,0.0
1499,NVDA,20211213,11,0.0772
1500,AAPL,20211213,11,-0.3252
1501,TSLA,20211213,11,-0.5106
1502,TSLA,20211213,11,0.0
1503,AAPL,20211213,11,0.5994
1504,AAPL,20211213,11,0.8214
1505,NVDA,20211213,11,-0.5122
1506,TSLA,20211213,11,0.0
1507,NCLH,20211213,11,0.4404
1508,MSFT,20211213,11,0.4404
1509,AAPL,20211213,11,-0.7717
1510,TSLA,20211213,11,0.0
1511,TSLA,20211213,11,0.4215
1512,TSLA,20211213,11,-0.2732
1513,AAPL,20211213,11,0.4215
1514,AAPL,20211213,11,0.3818
1515,TSLA,20211213,11,0.0
1516,TSLA,20211213,11,-0.5106
1517,AAPL,20211213,11,0.0
1518,TSLA,20211213,11,0.0
1519,TSLA,20211213,11,-0.7096
1520,TSLA,20211213,11,0.0
1521,TSLA,20211213,11,-0.5106
1522,AAPL,20211213,11,0.0
1523,TSLA,20211213,11,0.0
1524,TSLA,20211213,11,-0.7845
1525,TSLA,20211213,11,-0.2263
1526,AAPL,20211213,11,0.8858
1527,TSLA,20211213,11,0.0
1528,NVDA,20211213,11,0.6369
1529,BIDU,20211213,11,0.0516
1530,AAPL,20211213,11,0.2023
1531,AAPL,20211213,11,0.2023
1532,TSLA,20211213,11,0.4939
1533,TSLA,20211213,11,0.0772
1534,GILD,20211213,11,0.0
1535,TSLA,20211213,11,0.0
1536,TSLA,20211213,11,0.4939
1537,TSLA,20211213,11,0.0
1538,TSLA,20211213,11,0.0
1539,AAPL,20211213,11,0.0
1540,WBA,20211213,11,0.0
1541,FB,20211213,11,0.6369
1542,AAPL,20211213,11,0.0
1543,TSLA,20211213,11,-0.1695
1544,TSLA,20211213,11,0.0
1545,TSLA,20211213,11,0.0
1546,TSLA,20211213,11,-0.5106
1547,AAPL,20211213,11,0.0
1548,TSLA,20211213,11,-0.3612
1549,AAPL,20211213,11,0.6786
1550,NVDA,20211213,11,0.5719
1551,TSLA,20211213,11,0.0
1552,TSLA,20211213,11,0.3802
1553,AAPL,20211213,11,0.0
1554,TSLA,20211213,11,-0.0772
1555,NVDA,20211213,11,-0.6249
1556,FB,20211213,11,0.0258
1557,AAPL,20211213,11,0.0
1558,PYPL,20211213,11,0.7845
1559,FB,20211213,11,0.0
1560,PYPL,20211213,11,0.5093
1561,TSLA,20211213,11,0.6478
1562,PYPL,20211213,11,0.3818
1563,TSLA,20211213,11,0.0
1564,TSLA,20211213,11,0.0
1565,TSLA,20211213,11,-0.5106
1566,TSLA,20211213,11,0.0
1567,AAPL,20211213,11,0.0
1568,AAPL,20211213,11,0.2023
1569,TSLA,20211213,11,0.0
1570,QCOM,20211213,11,0.6786
1571,ADBE,20211213,11,0.4404
1572,AAPL,20211213,11,0.2023
1573,MSFT,20211213,11,0.4215
1574,AAPL,20211213,11,0.4404
1575,TSLA,20211213,11,0.4767
1576,TSLA,20211213,11,0.0
1577,TSLA,20211213,11,0.0
1578,PYPL,20211213,11,-0.5319
1579,QCOM,20211213,11,0.8168
1580,BIDU,20211213,11,0.0516
1581,AAPL,20211213,11,0.4404
1582,TSLA,20211213,11,0.0
1583,AAPL,20211213,11,0.0
1584,NVDA,20211213,11,0.0
1585,FB,20211213,11,0.0
1586,TSLA,20211213,11,0.0
1587,FB,20211213,11,0.0258
1588,MSFT,20211213,11,0.0
1589,LRCX,20211213,11,-0.3254
1590,TSLA,20211213,11,0.0
1591,TSLA,20211213,11,0.0
1592,AAPL,20211213,11,0.0
1593,AAPL,20211213,11,0.0
1594,MSFT,20211213,11,0.0
1595,FB,20211213,11,0.0
1596,NVDA,20211213,11,0.0
1597,MSFT,20211213,11,0.0
1598,MU,20211213,11,0.0
1599,TSLA,20211213,11,0.0
1600,AAPL,20211213,11,-0.186
1601,AAPL,20211213,11,0.4215
1602,NVDA,20211213,11,0.0
1603,FB,20211213,11,0.0
1604,NVDA,20211213,11,0.0
1605,AAPL,20211213,11,0.0
1606,TSLA,20211213,11,0.0
1607,FB,20211213,11,0.6786
1608,TSLA,20211213,11,0.0
1609,AAPL,20211213,11,-0.7663
1610,NVDA,20211213,12,0.824
1611,TSLA,20211213,12,0.0
1612,AAPL,20211213,12,0.0
1613,AAPL,20211213,12,0.5423
1614,TSLA,20211213,12,0.0772
1615,FB,20211213,12,0.296
1616,AAPL,20211213,12,0.4576
1617,GOOG,20211213,12,0.0
1618,FB,20211213,12,0.0
1619,AAPL,20211213,12,0.0
1620,MSFT,20211213,12,0.0
1621,AAPL,20211213,12,0.2023
1622,TSLA,20211213,12,-0.7425
1623,AAPL,20211213,12,0.2023
1624,TSLA,20211213,12,0.2023
1625,AAPL,20211213,12,0.8779
1626,TSLA,20211213,12,0.8779
1627,REGN,20211213,12,0.4404
1628,AAPL,20211213,12,0.4215
1629,TSLA,20211213,12,0.4215
1630,MSFT,20211213,12,0.4215
1631,PYPL,20211213,12,0.8481
1632,QCOM,20211213,12,0.296
1633,TSLA,20211213,12,0.7964
1634,SBUX,20211213,12,0.0
1635,AAPL,20211213,12,0.3818
1636,FAST,20211213,12,0.0
1637,TSLA,20211213,12,0.6249
1638,AAPL,20211213,12,0.0
1639,TSLA,20211213,12,-0.3885
1640,AAPL,20211213,12,0.0
1641,FB,20211213,12,0.0
1642,CMCSA,20211213,12,0.0
1643,TSLA,20211213,12,-0.4574
1644,NVDA,20211213,12,-0.4574
1645,AAPL,20211213,12,0.0
1646,MSFT,20211213,12,0.0
1647,AAPL,20211213,12,0.4404
1648,MAT,20211213,12,0.6114
1649,NVDA,20211213,12,0.0
1650,AAPL,20211213,12,0.0
1651,TSLA,20211213,12,0.0
1652,AAPL,20211213,12,0.0
1653,TSLA,20211213,12,0.0
1654,AAPL,20211213,12,0.0
1655,NVDA,20211213,12,0.0
1656,MSFT,20211213,12,0.4404
1657,TSLA,20211213,12,0.0
1658,TSLA,20211213,12,0.3818
1659,TSLA,20211213,12,0.0
1660,DISCA,20211213,12,-0.1406
1661,AAPL,20211213,12,0.1877
1662,AAPL,20211213,12,0.6705
1663,AAPL,20211213,12,-0.6908
1664,FAST,20211213,12,0.3802
1665,AAPL,20211213,12,0.4576
1666,TSLA,20211213,12,0.4215
1667,NVDA,20211213,12,0.4215
1668,AAPL,20211213,12,0.5423
1669,AAPL,20211213,12,-0.4071
1670,TSLA,20211213,12,0.0
1671,EBAY,20211213,12,0.0
1672,AAPL,20211213,12,0.4576
1673,NVDA,20211213,12,0.4588
1674,TSLA,20211213,12,0.4767
1675,AAPL,20211213,12,-0.3182
1676,MSFT,20211213,12,-0.3182
1677,NVDA,20211213,12,-0.3182
1678,TSLA,20211213,12,-0.3182
1679,AAPL,20211213,12,0.0
1680,AAPL,20211213,12,0.5849
1681,AAPL,20211213,12,0.3612
1682,TSLA,20211213,12,0.5994
1683,TSLA,20211213,12,0.0
1684,TSLA,20211213,12,0.3182
1685,ATVI,20211213,12,0.0
1686,AAPL,20211213,12,0.0
1687,AAPL,20211213,12,0.0
1688,AAPL,20211213,12,0.0
1689,AAPL,20211213,12,0.0
1690,AAPL,20211213,12,0.0
1691,NFLX,20211213,12,0.0
1692,AAPL,20211213,12,0.2023
1693,AAPL,20211213,12,0.128
1694,TSLA,20211213,12,0.6249
1695,AAPL,20211213,12,0.8779
1696,TSLA,20211213,12,0.8779
1697,TSLA,20211213,12,-0.128
1698,EBAY,20211213,12,-0.3167
1699,AAPL,20211213,12,0.0
1700,TSLA,20211213,12,0.6705
1701,AAPL,20211213,12,0.5095
1702,AAPL,20211213,12,0.5095
1703,STX,20211213,12,0.6739
1704,AAPL,20211213,12,0.0
1705,TSLA,20211213,12,0.0772
1706,AAPL,20211213,12,0.5574
1707,TSLA,20211213,12,0.0
1708,FOX,20211213,12,0.4404
1709,TSLA,20211213,12,-0.2263
1710,COST,20211213,12,0.0
1711,TSLA,20211213,12,0.6249
1712,TSLA,20211213,12,0.0
1713,AAL,20211213,12,0.0
1714,TSLA,20211213,12,0.0
1715,TSLA,20211213,12,-0.3182
1716,TSLA,20211213,12,0.0
1717,TSLA,20211213,12,0.0
1718,TSLA,20211213,12,0.0
1719,TSLA,20211213,12,0.0
1720,MSFT,20211213,12,-0.34
1721,TSLA,20211213,12,0.6705
1722,FOX,20211213,12,0.765
1723,AAPL,20211213,12,-0.5859
1724,AAPL,20211213,12,0.0
1725,FB,20211213,12,0.0258
1726,TSLA,20211213,12,0.5994
1727,TSLA,20211213,12,0.4404
1728,TSLA,20211213,12,0.3612
1729,TSLA,20211213,12,0.0258
1730,TSLA,20211213,12,0.1779
1731,AAL,20211213,12,0.0772
1732,AAPL,20211213,12,-0.1531
1733,MSFT,20211213,12,0.0
1734,AAPL,20211213,12,0.0
1735,NVDA,20211213,12,0.0
1736,TSLA,20211213,12,0.0
1737,TSLA,20211213,12,0.3612
1738,TSLA,20211213,12,0.0
1739,TSLA,20211213,12,-0.2732
1740,MSFT,20211213,12,0.6145
1741,NVDA,20211213,12,0.6145
1742,TSLA,20211213,12,0.6145
1743,SBUX,20211213,12,0.6145
1744,AAPL,20211213,12,0.7672
1745,QCOM,20211213,12,0.7672
1746,AAPL,20211213,12,0.5994
1747,TSLA,20211213,12,0.0
1748,TSLA,20211213,12,0.7845
1749,AAPL,20211213,12,0.4588
1750,NVDA,20211213,12,0.0
1751,TSLA,20211213,12,0.0
1752,AAPL,20211213,12,-0.3718
1753,TSLA,20211213,12,0.0
1754,TSLA,20211213,12,0.0
1755,NVDA,20211213,12,0.0
1756,TSLA,20211213,12,0.0
1757,TSLA,20211213,12,0.0
1758,NVDA,20211213,12,0.0
1759,TSLA,20211213,12,0.0
1760,CTSH,20211213,12,-0.5106
1761,AAPL,20211213,12,0.5106
1762,AAPL,20211213,12,-0.6908
1763,AAPL,20211213,12,0.0
1764,TSLA,20211213,12,0.5574
1765,AAPL,20211213,12,0.0
1766,TSLA,20211213,12,0.0
1767,TSLA,20211213,12,-0.2411
1768,AAPL,20211213,12,0.0
1769,AAPL,20211213,12,0.0
1770,TSLA,20211213,12,-0.5499
1771,TSLA,20211213,12,0.5813
1772,AAPL,20211213,12,0.5848
1773,TSLA,20211213,12,-0.2808
1774,AAPL,20211213,12,-0.3718
1775,TSLA,20211213,12,0.0
1776,TSLA,20211213,12,0.0516
1777,TSLA,20211213,12,0.0
1778,PYPL,20211213,12,0.1655
1779,TSLA,20211213,12,0.3612
1780,TSLA,20211213,12,-0.296
1781,TSLA,20211213,12,-0.3182
1782,DLTR,20211213,12,0.4466
1783,TSLA,20211213,12,0.0
1784,TSLA,20211213,12,0.0
1785,TSLA,20211213,12,-0.2263
1786,TSLA,20211213,12,0.6249
1787,TSLA,20211213,12,0.7506
1788,TSLA,20211213,12,0.7096
1789,AAPL,20211213,12,0.0
1790,PYPL,20211213,12,0.0
1791,TSLA,20211213,12,-0.4754
1792,NVDA,20211213,12,-0.4754
1793,TSLA,20211213,12,0.0
1794,AAPL,20211213,12,0.1531
1795,AAPL,20211213,12,0.4588
1796,TSLA,20211213,12,0.0
1797,AAPL,20211213,12,0.0
1798,AAPL,20211213,12,0.0772
1799,TSLA,20211213,12,0.6908
1800,TSLA,20211213,12,0.5423
1801,AAPL,20211213,12,0.0
1802,AAPL,20211213,12,0.0
1803,TSLA,20211213,12,0.0
1804,NVDA,20211213,12,-0.2263
1805,AAL,20211213,12,-0.2263
1806,AAPL,20211213,12,0.0
1807,TSLA,20211213,12,0.0
1808,TSLA,20211213,12,0.0
1809,TSLA,20211213,12,-0.34
1810,FB,20211213,12,-0.34
1811,AAPL,20211213,12,-0.34
1812,PYPL,20211213,12,0.0
1813,TSLA,20211213,12,0.6249
1814,TSLA,20211213,12,0.0772
1815,TSLA,20211213,12,0.3818
1816,AAPL,20211213,12,0.0
1817,COST,20211213,12,0.2732
1818,AAPL,20211213,12,0.6486
1819,TSLA,20211213,12,-0.2263
1820,TSLA,20211213,12,0.0
1821,NVDA,20211213,12,0.0
1822,INCT,20211213,12,-0.1258
1823,AAPL,20211213,12,0.0
1824,TSLA,20211213,12,0.9022
1825,AAPL,20211213,12,0.0
1826,NVDA,20211213,12,0.3182
1827,FB,20211213,12,0.0772
1828,MSFT,20211213,12,0.0
1829,TSLA,20211213,12,0.0
1830,TSLA,20211213,12,0.0
1831,AAPL,20211213,12,-0.5504
1832,MSFT,20211213,12,0.0
1833,TSLA,20211213,12,0.4062
1834,AAPL,20211213,12,0.4576
1835,TSLA,20211213,12,0.4576
1836,NVDA,20211213,12,0.4576
1837,NCLH,20211213,12,-0.296
1838,AAPL,20211213,12,0.3612
1839,BBBY,20211213,12,0.9403
1840,PYPL,20211213,12,0.0
1841,AAPL,20211213,12,0.0
1842,TSLA,20211213,12,0.0
1843,AAPL,20211213,12,0.0
1844,AAPL,20211213,12,0.34
1845,TSLA,20211213,12,0.6249
1846,MSFT,20211213,12,-0.2263
1847,TSLA,20211213,12,-0.2263
1848,AAPL,20211213,12,0.1531
1849,AAPL,20211213,12,0.4576
1850,TSLA,20211213,12,0.4576
1851,NVDA,20211213,12,0.4576
1852,TSLA,20211213,12,0.7845
1853,TSLA,20211213,12,0.0
1854,TSLA,20211213,12,0.0
1855,AAPL,20211213,12,0.7125
1856,FB,20211213,12,0.0
1857,TSLA,20211213,12,0.4939
1858,CERN,20211213,12,-0.128
1859,AAL,20211213,12,0.0
1860,AAPL,20211213,13,0.8668
1861,TSLA,20211213,13,0.0
1862,AAPL,20211213,13,0.4576
1863,NVDA,20211213,13,0.4576
1864,AAPL,20211213,13,0.5423
1865,FB,20211213,13,0.0
1866,AAPL,20211213,13,0.8779
1867,QCOM,20211213,13,0.8779
1868,NCLH,20211213,13,-0.2263
1869,PYPL,20211213,13,-0.128
1870,MU,20211213,13,0.0
1871,TSLA,20211213,13,0.0
1872,TSLA,20211213,13,0.0
1873,TSLA,20211213,13,-0.4427
1874,TSLA,20211213,13,0.0772
1875,AAPL,20211213,13,0.0
1876,MSFT,20211213,13,0.0
1877,AAPL,20211213,13,0.0
1878,NVDA,20211213,13,0.0
1879,TSLA,20211213,13,0.0
1880,TSLA,20211213,13,0.0
1881,LRCX,20211213,13,0.7184
1882,TSLA,20211213,13,0.7184
1883,AAPL,20211213,13,0.6369
1884,AVGO,20211213,13,0.0
1885,AMGN,20211213,13,0.7184
1886,FB,20211213,13,0.7184
1887,TSLA,20211213,13,0.0
1888,TSLA,20211213,13,0.0
1889,AAPL,20211213,13,0.0
1890,NVDA,20211213,13,0.0
1891,TSLA,20211213,13,0.0
1892,AAPL,20211213,13,0.0
1893,TSLA,20211213,13,0.2732
1894,TSLA,20211213,13,0.9022
1895,FB,20211213,13,0.0
1896,AAPL,20211213,13,0.0
1897,AAPL,20211213,13,0.4019
1898,MSFT,20211213,13,0.4019
1899,TSLA,20211213,13,0.4019
1900,AAPL,20211213,13,0.0
1901,MSFT,20211213,13,0.0
1902,WDC,20211213,13,0.0
1903,AAPL,20211213,13,0.4019
1904,NVDA,20211213,13,0.0
1905,TSLA,20211213,13,0.0258
1906,AAPL,20211213,13,0.4215
1907,TSLA,20211213,13,0.6249
1908,FB,20211213,13,0.0
1909,TSLA,20211213,13,0.0
1910,AAPL,20211213,13,0.0
1911,AAPL,20211213,13,0.6996
1912,NVDA,20211213,13,0.3182
1913,MSFT,20211213,13,0.0
1914,TSLA,20211213,13,0.4389
1915,GOOG,20211213,13,0.4389
1916,TSLA,20211213,13,0.1027
1917,NVDA,20211213,13,0.8306
1918,TSLA,20211213,13,0.8306
1919,AAPL,20211213,13,0.8306
1920,FB,20211213,13,0.8306
1921,AAPL,20211213,13,0.0
1922,FB,20211213,13,0.0
1923,AAPL,20211213,13,0.6486
1924,MSFT,20211213,13,0.6486
1925,COST,20211213,13,0.0
1926,GOOG,20211213,13,0.4466
1927,TSLA,20211213,13,-0.3818
1928,NXPI,20211213,13,0.6369
1929,FB,20211213,13,0.1635
1930,TSLA,20211213,13,0.4199
1931,TSLA,20211213,13,0.6908
1932,AAPL,20211213,13,0.0
1933,TSLA,20211213,13,0.0
1934,AAPL,20211213,13,0.0
1935,FB,20211213,13,0.0
1936,ATVI,20211213,13,-0.6808
1937,PYPL,20211213,13,0.0
1938,TSLA,20211213,13,0.6249
1939,NFLX,20211213,13,0.6289
1940,AAPL,20211213,13,-0.4939
1941,TSLA,20211213,13,0.5994
1942,TSLA,20211213,13,0.6705
1943,TSLA,20211213,13,0.3818
1944,TSLA,20211213,13,0.0
1945,TSLA,20211213,13,0.0772
1946,TSLA,20211213,13,0.3612
1947,TSLA,20211213,13,0.0
1948,TSLA,20211213,13,0.0
1949,TSLA,20211213,13,0.0
1950,CTSH,20211213,13,0.0
1951,FB,20211213,13,0.3415
1952,AAPL,20211213,13,0.0
1953,FB,20211213,13,0.0
1954,TSLA,20211213,13,0.0772
1955,FB,20211213,13,0.0258
1956,TSLA,20211213,13,0.6705
1957,AAPL,20211213,13,0.5423
1958,TSLA,20211213,13,0.0
1959,FB,20211213,13,0.3182
1960,TSLA,20211213,13,0.5719
1961,FB,20211213,13,0.0258
1962,AAPL,20211213,13,0.6249
1963,TSLA,20211213,13,-0.6486
1964,FB,20211213,13,0.4939
1965,TSLA,20211213,13,0.0772
1966,TSLA,20211213,13,0.6705
1967,TSLA,20211213,13,0.0772
1968,TSLA,20211213,13,-0.3867
1969,TSLA,20211213,13,0.0
1970,NVDA,20211213,13,-0.7057
1971,ILMN,20211213,13,-0.7096
1972,AAPL,20211213,13,0.0
1973,TSLA,20211213,13,0.5319
1974,FB,20211213,13,0.296
1975,TSLA,20211213,13,0.0772
1976,TSLA,20211213,13,-0.2263
1977,AAPL,20211213,13,0.4648
1978,TSLA,20211213,13,0.0772
1979,TSLA,20211213,13,0.6249
1980,NVDA,20211213,13,-0.6486
1981,TSLA,20211213,13,0.0
1982,TSLA,20211213,13,0.128
1983,COST,20211213,13,0.0
1984,TSLA,20211213,13,0.4939
1985,PYPL,20211213,13,0.908
1986,GOOG,20211213,13,0.4939
1987,GOOG,20211213,13,0.0
1988,GOOG,20211213,13,0.5622
1989,TSLA,20211213,13,0.4404
1990,NVDA,20211213,13,-0.0772
1991,NFLX,20211213,13,0.6289
1992,PYPL,20211213,13,0.0
1993,EXPE,20211213,13,0.0
1994,AAPL,20211213,13,0.25
1995,TSLA,20211213,13,0.296
1996,TSLA,20211213,13,0.0772
1997,TSLA,20211213,13,0.1372
1998,BBBY,20211213,13,0.5319
1999,TSLA,20211213,13,0.3818
2000,TSLA,20211213,13,0.6808
2001,AAPL,20211213,13,0.4404
2002,TSLA,20211213,13,-0.296
2003,AAPL,20211213,13,0.0
2004,TSLA,20211213,13,0.4404
2005,FB,20211213,13,0.0258
2006,NVDA,20211213,13,-0.6486
2007,MSFT,20211213,13,0.0
2008,TSLA,20211213,13,0.0772
2009,BIDU,20211213,13,0.0
2010,TSLA,20211213,13,0.9022
2011,MU,20211213,13,0.0
2012,NFLX,20211213,13,0.0
2013,AAPL,20211213,13,0.0
2014,AAPL,20211213,13,0.0
2015,AAPL,20211213,13,0.0
2016,TSLA,20211213,13,0.9022
2017,AAPL,20211213,13,0.0
2018,FOX,20211213,13,0.4404
2019,MU,20211213,13,0.0
2020,TSLA,20211213,13,0.0
2021,AAPL,20211213,13,-0.0516
2022,CMCSA,20211213,13,0.296
2023,FB,20211213,13,-0.5563
2024,AAPL,20211213,13,0.4466
2025,FB,20211213,13,0.0258
2026,FB,20211213,13,0.296
2027,TSLA,20211213,13,0.6808
2028,AAPL,20211213,13,0.0
2029,EA,20211213,13,0.5777
2030,TSLA,20211213,13,0.0
2031,AAPL,20211213,13,0.3818
2032,NVDA,20211213,13,0.4404
2033,AAPL,20211213,13,0.0
2034,FB,20211213,13,-0.1013
2035,TSLA,20211213,13,-0.3818
2036,TSLA,20211213,13,0.6249
2037,TSLA,20211213,13,-0.802
2038,TSLA,20211213,13,0.0
2039,GOOG,20211213,13,0.3607
2040,TSLA,20211213,13,-0.1531
2041,BBBY,20211213,13,0.0
2042,AAL,20211213,13,0.4404
2043,TSLA,20211213,13,0.6486
2044,TSLA,20211213,13,0.1372
2045,AAPL,20211213,13,0.1531
2046,PYPL,20211213,13,-0.3182
2047,TSLA,20211213,13,-0.296
2048,CHKP,20211213,13,0.0
2049,COST,20211213,13,0.0
2050,TSLA,20211213,13,0.0772
2051,FB,20211213,13,0.7003
2052,AAPL,20211213,13,0.2263
2053,TSLA,20211213,13,0.2263
2054,FB,20211213,13,0.2263
2055,AAPL,20211213,13,0.4791
2056,FB,20211213,13,0.296
2057,AAPL,20211213,13,0.0
2058,NCLH,20211213,13,0.4404
2059,TSLA,20211213,13,0.0772
2060,AAPL,20211213,13,0.0
2061,TSLA,20211213,13,0.0
2062,NVDA,20211213,13,0.0
2063,AAPL,20211213,14,0.0
2064,PYPL,20211213,14,0.0
2065,AAPL,20211213,14,0.2023
2066,LRCX,20211213,14,0.0
2067,GILD,20211213,14,0.0
2068,TSLA,20211213,14,0.8779
2069,AAPL,20211213,14,0.8779
2070,TSLA,20211213,14,0.0
2071,TSLA,20211213,14,0.25
2072,AAPL,20211213,14,0.0
2073,TSLA,20211213,14,0.0
2074,NVDA,20211213,14,0.0
2075,AAPL,20211213,14,0.0
2076,AAL,20211213,14,0.0
2077,TSLA,20211213,14,0.0
2078,TSLA,20211213,14,0.128
2079,AAPL,20211213,14,-0.4019
2080,TSLA,20211213,14,0.4404
2081,AAPL,20211213,14,0.0
2082,TSLA,20211213,14,0.0772
2083,AAPL,20211213,14,-0.3182
2084,TSLA,20211213,14,0.25
2085,AAPL,20211213,14,0.0
2086,TSLA,20211213,14,0.0
2087,TSLA,20211213,14,0.4588
2088,AAPL,20211213,14,0.6212
2089,COST,20211213,14,0.6597
2090,AAPL,20211213,14,0.6597
2091,AAPL,20211213,14,0.0772
2092,TSLA,20211213,14,0.3818
2093,MSFT,20211213,14,0.0
2094,AAPL,20211213,14,0.0
2095,BIDU,20211213,14,0.0
2096,FB,20211213,14,0.0
2097,TSLA,20211213,14,0.0
2098,TSLA,20211213,14,0.7003
2099,TSLA,20211213,14,0.0
2100,NVDA,20211213,14,0.0
2101,AAPL,20211213,14,0.0
2102,TSLA,20211213,14,0.4588
2103,TSLA,20211213,14,0.0
2104,AAPL,20211213,14,0.0
2105,AAPL,20211213,14,0.0
2106,TSLA,20211213,14,0.0
2107,TSLA,20211213,14,0.0
2108,TSLA,20211213,14,0.0
2109,AAPL,20211213,14,-0.3182
2110,TSLA,20211213,14,0.0
2111,FB,20211213,14,0.5411
2112,MSFT,20211213,14,0.0
2113,AAPL,20211213,14,0.7184
2114,AAPL,20211213,14,0.0
2115,BIDU,20211213,14,0.0
2116,FB,20211213,14,0.0
2117,TSLA,20211213,14,0.0
2118,AAPL,20211213,14,0.4215
2119,TSLA,20211213,14,-0.4939
2120,TSLA,20211213,14,-0.3182
2121,GOOG,20211213,14,0.0
2122,TSLA,20211213,14,0.0
2123,TSLA,20211213,14,0.6199
2124,TSLA,20211213,14,0.0
2125,TSLA,20211213,14,0.296
2126,AAPL,20211213,14,0.0
2127,TSLA,20211213,14,0.0
2128,AAPL,20211213,14,0.0
2129,AAPL,20211213,14,0.0
2130,MSFT,20211213,14,0.25
2131,FB,20211213,14,0.5106
2132,TSLA,20211213,14,0.0
2133,TSLA,20211213,14,0.4404
2134,TSLA,20211213,14,0.2023
2135,MAT,20211213,14,0.0
2136,AAPL,20211213,14,0.0
2137,TSLA,20211213,14,0.0
2138,TSLA,20211213,14,0.0
2139,QCOM,20211213,14,0.0
2140,NVDA,20211213,14,0.0
2141,TSLA,20211213,14,0.0
2142,TSLA,20211213,14,0.0
2143,TSLA,20211213,14,-0.2924
2144,TSLA,20211213,14,0.296
2145,AAPL,20211213,14,0.0
2146,AAPL,20211213,14,0.0
2147,AAPL,20211213,14,0.0
2148,TSLA,20211213,14,0.6369
2149,TSLA,20211213,14,0.4588
2150,TSLA,20211213,14,-0.2732
2151,TSLA,20211213,14,0.0
2152,TSLA,20211213,14,0.4404
2153,TSLA,20211213,14,-0.4144
2154,TSLA,20211213,14,0.0
2155,TSLA,20211213,14,0.3182
2156,TSLA,20211213,14,0.7263
2157,TSLA,20211213,14,0.6705
2158,PYPL,20211213,14,0.1779
2159,AAPL,20211213,14,0.3612
2160,TSLA,20211213,14,0.3612
2161,NTES,20211213,14,0.5574
2162,AAPL,20211213,14,0.0
2163,FB,20211213,14,0.0
2164,TSLA,20211213,14,-0.34
2165,NVDA,20211213,14,-0.7439
2166,FB,20211213,14,0.0
2167,TSLA,20211213,14,0.0
2168,TSLA,20211213,14,0.0
2169,TSLA,20211213,14,0.3612
2170,TSLA,20211213,14,0.0
2171,PYPL,20211213,14,-0.3182
2172,GOOG,20211213,14,0.0
2173,AAPL,20211213,14,0.4144
2174,AAPL,20211213,14,0.0
2175,BIDU,20211213,14,0.0
2176,TSLA,20211213,14,0.2023
2177,NVDA,20211213,14,0.0
2178,NVDA,20211213,14,0.3612
2179,ATVI,20211213,14,0.0
2180,AAPL,20211213,14,0.3182
2181,QCOM,20211213,14,-0.5994
2182,NVDA,20211213,14,0.296
2183,TSLA,20211213,14,0.0
2184,TSLA,20211213,14,0.0
2185,AAPL,20211213,14,0.0
2186,BIDU,20211213,14,0.0
2187,FB,20211213,14,0.0
2188,AAPL,20211213,14,-0.6715
2189,TSLA,20211213,14,0.7506
2190,TSLA,20211213,14,0.0772
2191,AAPL,20211213,14,0.0
2192,TSLA,20211213,14,0.0
2193,LRCX,20211213,14,0.0
2194,TSLA,20211213,14,0.0382
2195,PYPL,20211213,14,0.4588
2196,TRIP,20211213,14,0.0
2197,FB,20211213,14,0.0258
2198,AAPL,20211213,14,0.0
2199,TSLA,20211213,14,0.0
2200,LRCX,20211213,14,0.0
2201,TSLA,20211213,14,0.6249
2202,FB,20211213,14,0.0258
2203,PYPL,20211213,14,0.0
2204,TSLA,20211213,14,0.2023
2205,TSLA,20211213,14,0.4019
2206,AAPL,20211213,14,0.0
2207,BIDU,20211213,14,0.0
2208,FB,20211213,14,0.0
2209,GOOG,20211213,14,0.0
2210,TSLA,20211213,14,0.2263
2211,TSLA,20211213,14,-0.1779
2212,TSLA,20211213,14,0.4588
2213,PYPL,20211213,14,0.6901
2214,AAPL,20211213,14,-0.4404
2215,NVDA,20211213,14,0.1531
2216,TSLA,20211213,14,0.0
2217,TSLA,20211213,14,0.25
2218,TSLA,20211213,14,0.0
2219,TSLA,20211213,14,0.3612
2220,TSLA,20211213,14,-0.3182
2221,NVDA,20211213,14,-0.2023
2222,AAPL,20211213,14,0.1343
2223,TSLA,20211213,14,0.5106
2224,TSLA,20211213,14,0.0
2225,FB,20211213,14,0.2023
2226,TSLA,20211213,14,0.2023
2227,AAPL,20211213,14,0.2023
2228,AAPL,20211213,14,0.1343
2229,TSLA,20211213,14,0.7506
2230,AAPL,20211213,14,0.0
2231,TSLA,20211213,14,0.0
2232,LRCX,20211213,14,0.0
2233,MSFT,20211213,14,-0.3182
2234,AAPL,20211213,14,0.0
2235,DLTR,20211213,14,0.0
2236,NVDA,20211213,14,0.5106
2237,TSLA,20211213,14,0.0
2238,REGN,20211213,14,0.0
2239,TSLA,20211213,14,0.6249
2240,AAPL,20211213,14,0.3818
2241,MSFT,20211213,14,0.3818
2242,GOOG,20211213,14,0.3818
2243,TSLA,20211213,14,0.4576
2244,AAPL,20211213,14,0.4576
2245,AAPL,20211213,14,0.0
2246,NFLX,20211213,14,-0.3612
2247,FB,20211213,14,0.6369
2248,TSLA,20211213,14,0.6369
2249,TSLA,20211213,14,-0.3736
2250,MAT,20211213,14,0.0
2251,TSLA,20211213,14,0.4588
2252,NFLX,20211213,14,-0.0772
2253,TSLA,20211213,14,0.4588
2254,TSLA,20211213,14,0.0
2255,TSLA,20211213,14,-0.3182
2256,TSLA,20211213,14,0.4588
2257,TSLA,20211213,14,-0.5994
2258,TSLA,20211213,15,0.4939
2259,TMUS,20211213,15,0.4588
2260,FAST,20211213,15,0.0
2261,TSLA,20211213,15,0.7184
2262,AAPL,20211213,15,0.4576
2263,NVDA,20211213,15,0.4576
2264,AAPL,20211213,15,0.0
2265,VOD,20211213,15,0.0
2266,TSLA,20211213,15,0.0
2267,AAPL,20211213,15,0.5994
2268,AAPL,20211213,15,0.5267
2269,SBUX,20211213,15,0.5267
2270,AAPL,20211213,15,0.8779
2271,TSLA,20211213,15,0.8779
2272,TSLA,20211213,15,-0.6239
2273,NVDA,20211213,15,0.5994
2274,COST,20211213,15,0.25
2275,TSLA,20211213,15,0.0
2276,TSLA,20211213,15,0.0
2277,NVDA,20211213,15,0.0
2278,FB,20211213,15,0.0
2279,TSLA,20211213,15,0.4588
2280,AAPL,20211213,15,0.6369
2281,FB,20211213,15,0.6597
2282,PYPL,20211213,15,0.0
2283,TSLA,20211213,15,0.0
2284,TSLA,20211213,15,0.0
2285,AAPL,20211213,15,-0.3382
2286,COST,20211213,15,0.25
2287,AAPL,20211213,15,0.0
2288,FB,20211213,15,0.6597
2289,INCY,20211213,15,-0.6124
2290,SBUX,20211213,15,0.5994
2291,COST,20211213,15,-0.0516
2292,AAPL,20211213,15,0.2023
2293,LRCX,20211213,15,0.2023
2294,TSLA,20211213,15,0.2023
2295,GILD,20211213,15,0.2023
2296,NVDA,20211213,15,0.2023
2297,AAPL,20211213,15,0.2023
2298,TSLA,20211213,15,0.0
2299,NVDA,20211213,15,0.0
2300,AAPL,20211213,15,0.0
2301,AAPL,20211213,15,0.0
2302,TSLA,20211213,15,0.0
2303,TSLA,20211213,15,0.0
2304,MU,20211213,15,0.7717
2305,TSLA,20211213,15,0.4404
2306,TSLA,20211213,15,0.0
2307,AAPL,20211213,15,0.9345
2308,COST,20211213,15,0.25
2309,TSLA,20211213,15,0.296
2310,NVDA,20211213,15,0.9345
2311,TSLA,20211213,15,-0.2263
2312,COST,20211213,15,0.0
2313,NVDA,20211213,15,0.8306
2314,TSLA,20211213,15,0.8306
2315,FB,20211213,15,0.8306
2316,TSLA,20211213,15,-0.4404
2317,TSLA,20211213,15,0.4466
2318,FB,20211213,15,0.4466
2319,NFLX,20211213,15,0.4466
2320,AAPL,20211213,15,0.0
2321,TSLA,20211213,15,0.0772
2322,NVDA,20211213,15,0.0
2323,TSLA,20211213,15,0.0
2324,AAPL,20211213,15,0.0
2325,NVDA,20211213,15,0.0
2326,NVDA,20211213,15,0.6476
2327,MSFT,20211213,15,0.34
2328,AAPL,20211213,15,0.0
2329,MSFT,20211213,15,0.0
2330,AAPL,20211213,15,0.2023
2331,AAPL,20211213,15,0.2023
2332,FB,20211213,15,0.9345
2333,FB,20211213,15,0.0258
2334,AAPL,20211213,15,0.4576
2335,PYPL,20211213,15,0.7351
2336,AAPL,20211213,15,0.0
2337,MSFT,20211213,15,0.9345
2338,TSLA,20211213,15,0.0
2339,TSLA,20211213,15,0.0
2340,AAPL,20211213,15,-0.296
2341,AAPL,20211213,15,0.0772
2342,AAPL,20211213,15,-0.5574
2343,TSLA,20211213,15,0.0
2344,CMCSA,20211213,15,0.9345
2345,TSLA,20211213,15,0.5106
2346,AAPL,20211213,15,0.0
2347,AAPL,20211213,15,0.0
2348,FB,20211213,15,0.3612
2349,QCOM,20211213,15,0.9345
2350,TSLA,20211213,15,0.4466
2351,FB,20211213,15,0.4466
2352,AAL,20211213,15,0.4466
2353,AAPL,20211213,15,0.4466
2354,COST,20211213,15,0.34
2355,AAPL,20211213,15,0.0
2356,QCOM,20211213,15,0.0
2357,TSLA,20211213,15,0.296
2358,MU,20211213,15,0.9345
2359,QCOM,20211213,15,0.3182
2360,TSLA,20211213,15,0.6696
2361,CSCO,20211213,15,0.9345
2362,AAPL,20211213,15,0.4199
2363,AAPL,20211213,15,-0.3182
2364,GOOG,20211213,15,-0.128
2365,NFLX,20211213,15,0.0
2366,TSLA,20211213,15,0.4588
2367,AAPL,20211213,15,0.0
2368,PYPL,20211213,15,0.9345
2369,PYPL,20211213,15,-0.1779
2370,AAPL,20211213,15,0.4215
2371,CSX,20211213,15,0.9345
2372,TSLA,20211213,15,0.1779
2373,TSLA,20211213,15,0.4466
2374,TSLA,20211213,15,0.7906
2375,AAPL,20211213,15,0.7906
2376,FB,20211213,15,0.7906
2377,TSLA,20211213,15,0.0
2378,ATVI,20211213,15,0.9345
2379,TSLA,20211213,15,0.0
2380,TSLA,20211213,15,0.0
2381,KHC,20211213,15,0.9345
2382,AAPL,20211213,15,0.0
2383,DLTR,20211213,15,-0.6249
2384,TSLA,20211213,15,-0.765
2385,ATVI,20211213,15,0.4404
2386,AAPL,20211213,15,0.0
2387,COST,20211213,15,0.0
2388,TSLA,20211213,15,0.2732
2389,NVDA,20211213,15,0.4466
2390,EBAY,20211213,15,0.4466
2391,TSLA,20211213,15,0.0
2392,PYPL,20211213,15,0.0
2393,TSLA,20211213,15,0.0
2394,GOOG,20211213,15,-0.5423
2395,AAPL,20211213,15,0.0
2396,MSFT,20211213,15,0.3612
2397,AMGN,20211213,15,0.3612
2398,JD,20211213,15,0.3612
2399,FB,20211213,15,0.3612
2400,MU,20211213,15,0.3612
2401,ADP,20211213,15,0.0
2402,GOOG,20211213,15,0.7096
2403,TSLA,20211213,15,0.0
2404,AAPL,20211213,15,0.0
2405,MSFT,20211213,15,0.1901
2406,AAPL,20211213,15,0.1901
2407,MDLZ,20211213,15,0.9345
2408,NFLX,20211213,15,0.0
2409,TSLA,20211213,15,0.8452
2410,NFLX,20211213,15,0.0
2411,AAPL,20211213,15,0.2023
2412,TSLA,20211213,15,0.4466
2413,TSLA,20211213,15,0.0
2414,TSLA,20211213,15,0.0
2415,JD,20211213,15,0.9345
2416,AAPL,20211213,15,0.0
2417,TSLA,20211213,15,0.0
2418,AMAT,20211213,15,0.9345
2419,TSLA,20211213,15,0.3612
2420,GILD,20211213,15,0.9345
2421,AAPL,20211213,15,0.4404
2422,TSLA,20211213,15,-0.1531
2423,AAPL,20211213,15,0.0
2424,SBUX,20211213,15,0.9345
2425,TSLA,20211213,15,0.4466
2426,NVDA,20211213,15,0.4466
2427,TSLA,20211213,15,0.0772
2428,SBUX,20211213,15,0.4767
2429,WBA,20211213,15,0.9345
2430,AAPL,20211213,15,0.0
2431,TSLA,20211213,15,0.0
2432,LRCX,20211213,15,0.0
2433,AAPL,20211213,15,0.0
2434,AAPL,20211213,15,0.0
2435,TXN,20211213,15,0.9345
2436,AKAM,20211213,15,0.0
2437,BBBY,20211213,15,0.0
2438,TSLA,20211213,15,0.6808
2439,TSLA,20211213,15,0.0772
2440,CERN,20211213,15,0.9345
2441,TSLA,20211213,15,0.4466
2442,MSFT,20211213,15,0.4466
2443,AAPL,20211213,15,-0.6124
2444,TSLA,20211213,15,0.5106
2445,NVDA,20211213,15,-0.2584
2446,AAPL,20211213,15,0.8402
2447,LRCX,20211213,15,0.0
2448,AAPL,20211213,15,0.0
2449,TMUS,20211213,15,0.9345
2450,TSLA,20211213,15,-0.6124
2451,INCT,20211213,15,0.0
2452,AAPL,20211213,15,0.4215
2453,AAPL,20211213,15,0.0
2454,COST,20211213,15,0.9345
2455,AAPL,20211213,15,0.0
2456,ADBE,20211213,15,0.9345
2457,AAPL,20211213,15,-0.6124
2458,FB,20211213,15,-0.6124
2459,FISV,20211213,15,0.9345
2460,TSLA,20211213,15,0.0
2461,MSFT,20211213,15,0.0
2462,AAPL,20211213,15,0.0
2463,TSLA,20211213,15,0.0
2464,TSLA,20211213,15,-0.6124
2465,KHC,20211213,15,-0.1027
2466,INCY,20211213,15,0.9345
2467,AAPL,20211213,15,0.0
2468,TSLA,20211213,15,0.0
2469,AAPL,20211213,15,0.0
2470,AAPL,20211213,15,0.0
2471,FB,20211213,15,0.0
2472,FOXA,20211213,15,0.9345
2473,AAPL,20211213,15,0.0
2474,TSLA,20211213,15,0.0
2475,AAPL,20211213,15,0.0
2476,TSLA,20211213,15,0.8102
2477,TSLA,20211213,15,-0.296
2478,TSLA,20211213,15,0.3182
2479,GOOG,20211213,15,0.3182
2480,FAST,20211213,15,0.9345
2481,ORLY,20211213,15,0.0
2482,AVGO,20211213,15,0.9345
2483,AMGN,20211213,15,0.9345
2484,TSLA,20211213,15,0.4019
2485,BIDU,20211213,15,0.9345
2486,LRCX,20211213,15,0.0
2487,TSLA,20211213,15,0.6249
2488,AAPL,20211213,15,0.0
2489,NTES,20211213,15,0.9345
2490,AAPL,20211213,15,-0.8225
2491,FOXA,20211213,15,0.4404
2492,NFLX,20211213,15,0.9345
2493,MSFT,20211213,15,0.4404
2494,EA,20211213,15,0.9345
2495,INCY,20211213,15,0.4404
2496,TSLA,20211213,15,0.6166
2497,AAPL,20211213,15,0.2732
2498,CSCO,20211213,15,0.4404
2499,TSLA,20211213,15,0.5574
2500,AAPL,20211213,15,-0.8225
2501,FISV,20211213,15,0.4404
2502,ADBE,20211213,15,0.4404
2503,AAPL,20211213,15,0.0
2504,COST,20211213,15,0.4404
2505,MAR,20211213,15,0.9345
2506,AAPL,20211213,15,0.0
2507,FB,20211213,15,0.0
2508,FOX,20211213,15,0.9345
2509,FB,20211213,15,0.5719
2510,AMGN,20211213,15,0.5994
2511,TSLA,20211213,15,0.0
2512,XLNX,20211213,15,0.9345
2513,EA,20211213,15,0.4404
2514,AAPL,20211213,15,0.0772
2515,NXPI,20211213,15,0.9345
2516,AAPL,20211213,15,0.0
2517,NFLX,20211213,15,0.0
2518,NVDA,20211213,15,0.0
2519,AAPL,20211213,15,0.5574
2520,TSLA,20211213,15,0.6705
2521,NFLX,20211213,15,0.4404
2522,TSLA,20211213,16,0.0
2523,LRCX,20211213,16,0.0
2524,NVDA,20211213,16,0.0
2525,MSFT,20211213,16,0.0
2526,FB,20211213,16,0.7845
2527,TSLA,20211213,16,0.4588
2528,AAPL,20211213,16,0.8047
2529,AAPL,20211213,16,-0.2003
2530,AAPL,20211213,16,-0.2003
2531,NVDA,20211213,16,0.8779
2532,AAPL,20211213,16,0.8779
2533,AAPL,20211213,16,0.5423
2534,MSFT,20211213,16,0.0
2535,NVDA,20211213,16,0.0
2536,PYPL,20211213,16,-0.936
2537,TSLA,20211213,16,0.0772
2538,AAPL,20211213,16,-0.3899
2539,TSLA,20211213,16,0.0
2540,TSLA,20211213,16,0.0
2541,LRCX,20211213,16,0.0
2542,AAPL,20211213,16,0.0
2543,AAPL,20211213,16,0.0
2544,TSLA,20211213,16,0.0
2545,NVDA,20211213,16,0.0
2546,TSLA,20211213,16,0.0
2547,TSLA,20211213,16,0.0772
2548,AAPL,20211213,16,0.0
2549,TSLA,20211213,16,0.0
2550,FB,20211213,16,0.0
2551,AAPL,20211213,16,0.0
2552,TSLA,20211213,16,0.0
2553,TSLA,20211213,16,0.4215
2554,EBAY,20211213,16,0.5574
2555,TSLA,20211213,16,0.0
2556,NVDA,20211213,16,0.0
2557,AAPL,20211213,16,0.0
2558,TSLA,20211213,16,0.0
2559,NVDA,20211213,16,0.4576
2560,AAPL,20211213,16,0.0
2561,AAPL,20211213,16,0.0
2562,FB,20211213,16,0.0258
2563,AAPL,20211213,16,0.4404
2564,QCOM,20211213,16,-0.0772
2565,NVDA,20211213,16,0.4576
2566,TSLA,20211213,16,0.0
2567,AAPL,20211213,16,-0.4278
2568,NVDA,20211213,16,-0.4404
2569,NVDA,20211213,16,0.7351
2570,AAPL,20211213,16,-0.4278
2571,NFLX,20211213,16,0.0
2572,TSLA,20211213,16,-0.2144
2573,TSLA,20211213,16,0.0
2574,AAPL,20211213,16,-0.4278
2575,AAPL,20211213,16,0.0
2576,MSFT,20211213,16,0.7184
2577,NVDA,20211213,16,0.7184
2578,AAPL,20211213,16,0.4404
2579,NVDA,20211213,16,0.3612
2580,NFLX,20211213,16,0.0
2581,TSLA,20211213,16,0.0
2582,AAPL,20211213,16,-0.4278
2583,MSFT,20211213,16,0.7184
2584,NVDA,20211213,16,0.7184
2585,TSLA,20211213,16,0.0
2586,TSLA,20211213,16,0.0
2587,AAPL,20211213,16,0.0
2588,FB,20211213,16,0.6486
2589,XLNX,20211213,16,0.2023
2590,TSLA,20211213,16,0.6588
2591,NVDA,20211213,16,0.0
2592,AAPL,20211213,16,0.0
2593,NVDA,20211213,16,0.6124
2594,TSLA,20211213,16,0.0
2595,AAPL,20211213,16,0.296
2596,FB,20211213,16,0.2023
2597,NVDA,20211213,16,0.2023
2598,TSLA,20211213,16,0.0772
2599,AAPL,20211213,16,0.5849
2600,TSLA,20211213,16,0.0
2601,TSLA,20211213,16,-0.2263
2602,TSLA,20211213,16,-0.2263
2603,BIDU,20211213,16,0.6705
2604,AAPL,20211213,16,0.0
2605,AAPL,20211213,16,0.0
2606,NVDA,20211213,16,-0.7184
2607,TSLA,20211213,16,0.4215
2608,AAPL,20211213,16,0.5849
2609,TSLA,20211213,16,0.0
2610,FB,20211213,16,0.0
2611,PYPL,20211213,16,0.25
2612,TSLA,20211213,16,0.25
2613,NVDA,20211213,16,0.25
2614,TSLA,20211213,16,0.0
2615,TSLA,20211213,16,0.4215
2616,NVDA,20211213,16,0.8779
2617,AAPL,20211213,16,0.8779
2618,TSLA,20211213,16,0.8779
2619,AAPL,20211213,16,0.0
2620,TSLA,20211213,16,0.2263
2621,TSLA,20211213,16,0.2263
2622,TSLA,20211213,16,0.8462
2623,NVDA,20211213,16,0.2732
2624,TSLA,20211213,16,-0.8172
2625,TSLA,20211213,16,0.0
2626,TSLA,20211213,16,0.296
2627,MSFT,20211213,16,0.296
2628,NVDA,20211213,16,0.6688
2629,AAPL,20211213,16,0.6688
2630,NVDA,20211213,16,0.0
2631,AAPL,20211213,16,0.0
2632,AAPL,20211213,16,0.0
2633,TSLA,20211213,16,0.0
2634,FB,20211213,16,-0.6801
2635,AAPL,20211213,16,0.6249
2636,TSLA,20211213,16,-0.1531
2637,AAPL,20211213,16,0.3294
2638,AAPL,20211213,16,-0.4588
2639,MU,20211213,16,0.376
2640,AAPL,20211213,16,0.0
2641,AAPL,20211213,16,0.5766
2642,QCOM,20211213,16,-0.4891
2643,AAPL,20211213,16,0.0
2644,TSLA,20211213,16,0.0772
2645,AAPL,20211213,16,-0.1695
2646,AAPL,20211213,16,0.3612
2647,TSLA,20211213,16,0.3612
2648,FB,20211213,16,0.3182
2649,AAPL,20211213,16,0.296
2650,TSLA,20211213,16,0.0
2651,FB,20211213,16,-0.5106
2652,NVDA,20211213,16,-0.5106
2653,FB,20211213,16,-0.5106
2654,AAPL,20211213,16,0.296
2655,MSFT,20211213,16,0.296
2656,NVDA,20211213,16,0.7603
2657,AAPL,20211213,16,0.7603
2658,NFLX,20211213,16,0.0
2659,NVDA,20211213,16,-0.5267
2660,TSLA,20211213,16,0.0
2661,AAPL,20211213,16,0.0
2662,AAPL,20211213,16,-0.5859
2663,TSLA,20211213,16,-0.5859
2664,TSLA,20211213,16,0.4588
2665,AAPL,20211213,16,0.34
2666,QCOM,20211213,16,0.34
2667,AAPL,20211213,16,-0.2023
2668,NVDA,20211213,16,0.0
2669,TSLA,20211213,16,-0.4215
2670,TSLA,20211213,16,0.0
2671,SBUX,20211213,16,0.4404
2672,AAPL,20211213,16,-0.5106
2673,AAPL,20211213,16,0.0
2674,NFLX,20211213,16,0.0
2675,AAPL,20211213,16,0.0
2676,TSLA,20211213,16,0.0
2677,TSLA,20211213,16,0.0
2678,AAPL,20211213,16,-0.516
2679,TSLA,20211213,16,0.0
2680,TSLA,20211213,16,0.0
2681,TSLA,20211213,16,0.0
2682,AVGO,20211213,16,0.0
2683,TSLA,20211213,16,-0.1877
2684,NVDA,20211213,16,0.0
2685,NVDA,20211213,16,0.0
2686,QCOM,20211213,16,0.0
2687,AAPL,20211213,16,0.0
2688,AAPL,20211213,16,0.0
2689,QCOM,20211213,16,0.0
2690,AAPL,20211213,16,0.0
2691,GOOG,20211213,16,0.0
2692,MSFT,20211213,16,0.0
2693,AAPL,20211213,16,0.0
2694,CMCSA,20211213,16,0.0
2695,AAPL,20211213,16,0.2023
2696,TSLA,20211213,16,0.2023
2697,NVDA,20211213,16,0.2023
2698,ADBE,20211213,16,0.0
2699,AAPL,20211213,16,0.2023
2700,NVDA,20211213,16,0.2023
2701,QCOM,20211213,16,0.2023
2702,CSCO,20211213,16,0.2023
2703,CMCSA,20211213,16,0.2023
2704,GOOG,20211213,16,0.2023
2705,MU,20211213,16,0.2023
2706,DLTR,20211213,16,0.2023
2707,ADSK,20211213,16,0.2023
2708,AAPL,20211213,16,-0.5859
2709,TSLA,20211213,16,-0.5859
2710,AAPL,20211213,16,0.2023
2711,NVDA,20211213,16,0.2023
2712,QCOM,20211213,16,0.2023
2713,CSCO,20211213,16,0.2023
2714,CMCSA,20211213,16,0.2023
2715,AAPL,20211213,16,0.0
2716,FB,20211213,16,0.0
2717,TSLA,20211213,16,0.7925
2718,AAPL,20211213,16,0.4215
2719,TSLA,20211213,16,0.4588
2720,GOOG,20211213,16,0.0
2721,FB,20211213,16,0.0
2722,TSLA,20211213,16,0.0
2723,TSLA,20211213,16,0.0
2724,AAPL,20211213,16,0.6808
2725,FB,20211213,16,0.0
2726,TSLA,20211213,16,0.0
2727,GOOG,20211213,16,0.0
2728,AAPL,20211213,16,0.4246
2729,TSLA,20211213,16,0.0
2730,TSLA,20211213,16,0.2023
2731,TSLA,20211213,16,-0.296
2732,AAPL,20211213,16,0.0
2733,AAPL,20211213,16,-0.6908
2734,TSLA,20211213,16,-0.6908
2735,NFLX,20211213,16,0.0
2736,ADBE,20211213,16,-0.0516
2737,AAPL,20211213,16,0.0
2738,FB,20211213,16,0.0
2739,AAPL,20211213,16,0.0
2740,FB,20211213,16,0.0
2741,AAPL,20211213,16,-0.6428
2742,TSLA,20211213,16,0.4404
2743,GOOG,20211213,16,0.0
2744,TSLA,20211213,16,0.9022
2745,TSLA,20211213,16,0.0
2746,GOOG,20211213,16,0.0
2747,MSFT,20211213,16,0.0
2748,AAPL,20211213,16,0.8939
2749,AVGO,20211213,16,0.0
2750,NVDA,20211213,16,0.0
2751,TSLA,20211213,16,-0.4404
2752,TSLA,20211213,16,0.0
2753,AAPL,20211213,16,0.0
2754,TSLA,20211213,16,0.25
2755,AAPL,20211213,16,0.2023
2756,MSFT,20211213,16,0.1779
2757,GOOG,20211213,16,0.1779
2758,AAPL,20211213,16,0.1779
2759,AAPL,20211213,16,0.0
2760,TSLA,20211213,16,-0.1531
2761,TSLA,20211213,16,0.0
2762,AAPL,20211213,16,0.0
2763,FB,20211213,16,0.0
2764,GILD,20211213,16,0.4404
2765,GOOG,20211213,16,0.0
2766,QCOM,20211213,16,0.4588
2767,TSLA,20211213,16,-0.0516
2768,AAPL,20211213,16,0.0
2769,CSCO,20211213,16,0.4767
2770,AAPL,20211213,16,0.4939
2771,TSLA,20211213,16,0.0
2772,AAPL,20211213,16,0.0
2773,TSLA,20211213,16,0.4588
2774,TSLA,20211213,16,0.0772
2775,PYPL,20211213,16,-0.4404
2776,TSLA,20211213,16,0.3612
2777,LRCX,20211213,16,0.0
2778,GILD,20211213,16,0.0
2779,FB,20211213,16,0.0
2780,TSLA,20211213,16,-0.0516
2781,AAPL,20211213,16,0.5106
2782,AAPL,20211213,17,-0.2225
2783,AAPL,20211213,17,0.5859
2784,AAPL,20211213,17,0.0
2785,STX,20211213,17,0.0
2786,AAPL,20211213,17,0.4576
2787,NVDA,20211213,17,0.4576
2788,AAL,20211213,17,0.0
2789,FB,20211213,17,0.2023
2790,NVDA,20211213,17,0.2023
2791,STX,20211213,17,-0.3818
2792,AAPL,20211213,17,0.8779
2793,FB,20211213,17,0.8779
2794,QCOM,20211213,17,0.8779
2795,AAPL,20211213,17,0.0
2796,NVDA,20211213,17,0.9302
2797,AAPL,20211213,17,0.0
2798,AAPL,20211213,17,0.0
2799,AAPL,20211213,17,0.0
2800,NVDA,20211213,17,0.0
2801,AAPL,20211213,17,0.0
2802,AAPL,20211213,17,0.0
2803,AAPL,20211213,17,0.0
2804,AAPL,20211213,17,0.0
2805,AAPL,20211213,17,0.0
2806,AAPL,20211213,17,0.0
2807,AAPL,20211213,17,0.0772
2808,COST,20211213,17,0.0772
2809,TSLA,20211213,17,0.4466
2810,EBAY,20211213,17,0.4466
2811,AAPL,20211213,17,0.0
2812,AAPL,20211213,17,0.0
2813,AMAT,20211213,17,0.5106
2814,QCOM,20211213,17,0.765
2815,MSFT,20211213,17,0.765
2816,AAPL,20211213,17,0.6251
2817,FB,20211213,17,-0.5423
2818,AVGO,20211213,17,0.5106
2819,BIDU,20211213,17,0.2263
2820,TSLA,20211213,17,0.0
2821,TSLA,20211213,17,-0.0446
2822,AAPL,20211213,17,0.0
2823,EXPE,20211213,17,0.5106
2824,NVDA,20211213,17,0.8306
2825,TSLA,20211213,17,0.8306
2826,REGN,20211213,17,0.8306
2827,FB,20211213,17,0.8306
2828,FB,20211213,17,0.0
2829,FB,20211213,17,0.0
2830,FB,20211213,17,0.0
2831,GOOG,20211213,17,-0.5859
2832,GOOG,20211213,17,-0.5859
2833,GOOG,20211213,17,-0.5859
2834,AAPL,20211213,17,0.4215
2835,CSCO,20211213,17,0.4215
2836,TSLA,20211213,17,0.0
2837,AAPL,20211213,17,0.296
2838,MAR,20211213,17,-0.5994
2839,AAL,20211213,17,-0.5994
2840,MSFT,20211213,17,0.5106
2841,MU,20211213,17,-0.34
2842,MU,20211213,17,-0.34
2843,TSLA,20211213,17,-0.2263
2844,NFLX,20211213,17,-0.5859
2845,NFLX,20211213,17,-0.5859
2846,NVDA,20211213,17,0.5106
2847,NVDA,20211213,17,0.4215
2848,MDLZ,20211213,17,0.4215
2849,NVDA,20211213,17,0.4404
2850,MSFT,20211213,17,0.4404
2851,PYPL,20211213,17,0.0
2852,PYPL,20211213,17,0.0
2853,QCOM,20211213,17,0.0
2854,QCOM,20211213,17,0.0
2855,TSLA,20211213,17,0.4466
2856,PYPL,20211213,17,0.4466
2857,TSLA,20211213,17,0.0
2858,TSLA,20211213,17,0.4019
2859,TSLA,20211213,17,0.0772
2860,TSLA,20211213,17,0.4588
2861,AAPL,20211213,17,0.4215
2862,TSLA,20211213,17,0.0
2863,TSLA,20211213,17,0.0
2864,TSLA,20211213,17,0.0
2865,TSLA,20211213,17,0.0
2866,XLNX,20211213,17,-0.34
2867,XLNX,20211213,17,-0.34
2868,TSLA,20211213,17,0.0
2869,NVDA,20211213,17,0.0
2870,EBAY,20211213,17,0.0
2871,STX,20211213,17,0.296
2872,TSLA,20211213,17,-0.2263
2873,TSLA,20211213,17,-0.5487
2874,AAPL,20211213,17,-0.34
2875,TSLA,20211213,17,0.6705
2876,FB,20211213,17,0.5994
2877,TSLA,20211213,17,0.296
2878,NVDA,20211213,17,0.0
2879,TSLA,20211213,17,0.0
2880,AAPL,20211213,17,0.0
2881,TSLA,20211213,17,-0.6377
2882,NVDA,20211213,17,-0.6377
2883,TSLA,20211213,17,0.1779
2884,TSLA,20211213,17,0.0
2885,TSLA,20211213,17,0.6249
2886,INCY,20211213,17,0.0
2887,CERN,20211213,17,0.0
2888,TSLA,20211213,17,0.0
2889,NVDA,20211213,17,0.0
2890,TSLA,20211213,17,0.0
2891,FB,20211213,17,-0.2732
2892,AAPL,20211213,17,0.4588
2893,STX,20211213,17,0.3595
2894,TSLA,20211213,17,0.0
2895,TSLA,20211213,17,-0.2263
2896,AAPL,20211213,17,0.0
2897,AAPL,20211213,17,0.0
2898,FB,20211213,17,0.2732
2899,AAPL,20211213,17,0.2732
2900,TSLA,20211213,17,0.0
2901,GILD,20211213,17,0.0
2902,TSLA,20211213,17,0.0
2903,AAPL,20211213,17,0.0
2904,AAPL,20211213,17,0.0
2905,TSLA,20211213,17,0.0
2906,NVDA,20211213,17,0.0
2907,PYPL,20211213,17,0.0
2908,TSLA,20211213,17,0.0
2909,TSLA,20211213,17,0.4939
2910,TSLA,20211213,17,0.0
2911,GILD,20211213,17,-0.296
2912,QCOM,20211213,17,0.4389
2913,TSLA,20211213,17,0.4466
2914,AAPL,20211213,17,0.0
2915,TSLA,20211213,17,0.4215
2916,TSLA,20211213,17,0.0
2917,TSLA,20211213,17,0.7783
2918,TSLA,20211213,17,0.4466
2919,AAPL,20211213,17,0.101
2920,AAPL,20211213,17,0.0772
2921,TSLA,20211213,17,0.4019
2922,TSLA,20211213,17,0.4019
2923,NVDA,20211213,17,0.1531
2924,TSLA,20211213,17,0.0
2925,TSLA,20211213,17,0.0
2926,MSFT,20211213,17,0.0
2927,NVDA,20211213,17,-0.9586
2928,XLNX,20211213,17,0.0
2929,MAT,20211213,17,0.3818
2930,PYPL,20211213,17,0.2732
2931,AAPL,20211213,17,0.0
2932,TSLA,20211213,17,0.0
2933,AAPL,20211213,17,0.0
2934,MSFT,20211213,17,0.7198
2935,AAPL,20211213,17,0.0
2936,AAPL,20211213,17,0.0
2937,FB,20211213,17,0.4003
2938,NVDA,20211213,17,0.4215
2939,MDLZ,20211213,17,0.4215
2940,FB,20211213,17,0.8625
2941,MSFT,20211213,17,0.8625
2942,GILD,20211213,17,-0.296
2943,AAPL,20211213,17,-0.8225
2944,AAPL,20211213,17,0.0258
2945,TSLA,20211213,17,0.3612
2946,TSLA,20211213,17,0.0516
2947,AMAT,20211213,17,-0.7717
2948,BIDU,20211213,17,-0.7717
2949,QCOM,20211213,17,-0.7717
2950,TSLA,20211213,17,0.3182
2951,TSLA,20211213,17,0.7889
2952,GILD,20211213,17,-0.296
2953,AAPL,20211213,17,-0.8225
2954,MSFT,20211213,17,0.0
2955,AAPL,20211213,17,0.4019
2956,AAPL,20211213,17,0.4019
2957,MSFT,20211213,17,0.4019
2958,TSLA,20211213,17,0.4019
2959,NVDA,20211213,17,0.2732
2960,TSLA,20211213,17,0.0
2961,NVDA,20211213,17,0.6369
2962,TSLA,20211213,17,-0.5719
2963,AMAT,20211213,17,-0.7717
2964,BIDU,20211213,17,-0.7717
2965,QCOM,20211213,17,-0.7717
2966,QCOM,20211213,17,0.0
2967,AAPL,20211213,17,0.0
2968,TSLA,20211213,17,0.0
2969,AAPL,20211213,17,0.0
2970,TSLA,20211213,17,0.4588
2971,TSLA,20211213,17,0.0516
2972,TSLA,20211213,17,0.0
2973,MU,20211213,17,-0.5267
